div,season,team_home,team_away,points_home,points_away,goals_home,goals_away,home_goaladv,team_home_logo,team_away_logo
Serie A,2022,Atletico-MG,Internacional,3,0,2,0,2,https://media-2.api-sports.io/football/teams/1062.png,https://media-2.api-sports.io/football/teams/119.png
Serie A,2022,Fluminense,Santos,1,1,0,0,0,https://media-1.api-sports.io/football/teams/124.png,https://media-2.api-sports.io/football/teams/128.png
Serie A,2022,Sao Paulo,Atletico Paranaense,3,0,4,0,4,https://media-2.api-sports.io/football/teams/126.png,https://media-2.api-sports.io/football/teams/134.png
Serie A,2022,Palmeiras,Ceara,0,3,2,3,-1,https://media-2.api-sports.io/football/teams/121.png,https://media-2.api-sports.io/football/teams/129.png
Serie A,2022,Botafogo,Corinthians,0,3,1,3,-2,https://media-1.api-sports.io/football/teams/120.png,https://media-3.api-sports.io/football/teams/131.png
Serie A,2022,Juventude,RB Bragantino,1,1,2,2,0,https://media-2.api-sports.io/football/teams/152.png,https://media-3.api-sports.io/football/teams/794.png
Serie A,2022,Fortaleza EC,Cuiaba,0,3,0,1,-1,https://media-2.api-sports.io/football/teams/154.png,https://media-1.api-sports.io/football/teams/1193.png
Serie A,2022,Atletico Goianiense,Flamengo,1,1,1,1,0,https://media-1.api-sports.io/football/teams/144.png,https://media-3.api-sports.io/football/teams/127.png
Serie A,2022,Avai,America Mineiro,3,0,1,0,1,https://media-1.api-sports.io/football/teams/145.png,https://media-1.api-sports.io/football/teams/125.png
Serie A,2022,Coritiba,Goias,3,0,3,0,3,https://media-3.api-sports.io/football/teams/147.png,https://media-1.api-sports.io/football/teams/151.png
Serie A,2022,America Mineiro,Juventude,3,0,4,1,3,https://media-1.api-sports.io/football/teams/125.png,https://media-2.api-sports.io/football/teams/152.png
Serie A,2022,Flamengo,Sao Paulo,3,0,3,1,2,https://media-1.api-sports.io/football/teams/127.png,https://media-3.api-sports.io/football/teams/126.png
Serie A,2022,RB Bragantino,Atletico Goianiense,3,0,4,0,4,https://media-3.api-sports.io/football/teams/794.png,https://media-2.api-sports.io/football/teams/144.png
Serie A,2022,Corinthians,Avai,3,0,3,0,3,https://media-1.api-sports.io/football/teams/131.png,https://media-1.api-sports.io/football/teams/145.png
Serie A,2022,Santos,Coritiba,3,0,2,1,1,https://media-3.api-sports.io/football/teams/128.png,https://media-2.api-sports.io/football/teams/147.png
Serie A,2022,Internacional,Fortaleza EC,3,0,2,1,1,https://media-2.api-sports.io/football/teams/119.png,https://media-1.api-sports.io/football/teams/154.png
Serie A,2022,Ceara,Botafogo,0,3,1,3,-2,https://media-2.api-sports.io/football/teams/129.png,https://media-3.api-sports.io/football/teams/120.png
Serie A,2022,Goias,Palmeiras,1,1,1,1,0,https://media-1.api-sports.io/football/teams/151.png,https://media-2.api-sports.io/football/teams/121.png
Serie A,2022,Cuiaba,Fluminense,0,3,0,1,-1,https://media-1.api-sports.io/football/teams/1193.png,https://media-1.api-sports.io/football/teams/124.png
Serie A,2022,Atletico Paranaense,Atletico-MG,0,3,0,1,-1,https://media-2.api-sports.io/football/teams/134.png,https://media-2.api-sports.io/football/teams/1062.png
Serie A,2022,Atletico-MG,Coritiba,1,1,2,2,0,https://media-2.api-sports.io/football/teams/1062.png,https://media-3.api-sports.io/football/teams/147.png
Serie A,2022,Fluminense,Internacional,0,3,0,1,-1,https://media-2.api-sports.io/football/teams/124.png,https://media-3.api-sports.io/football/teams/119.png
Serie A,2022,RB Bragantino,Sao Paulo,1,1,1,1,0,https://media-2.api-sports.io/football/teams/794.png,https://media-1.api-sports.io/football/teams/126.png
Serie A,2022,Palmeiras,Corinthians,3,0,3,0,3,https://media-1.api-sports.io/football/teams/121.png,https://media-2.api-sports.io/football/teams/131.png
Serie A,2022,Santos,America Mineiro,3,0,3,0,3,https://media-2.api-sports.io/football/teams/128.png,https://media-3.api-sports.io/football/teams/125.png
Serie A,2022,Juventude,Cuiaba,0,3,0,1,-1,https://media-3.api-sports.io/football/teams/152.png,https://media-2.api-sports.io/football/teams/1193.png
Serie A,2022,Fortaleza EC,Ceara,0,3,0,1,-1,https://media-1.api-sports.io/football/teams/154.png,https://media-3.api-sports.io/football/teams/129.png
Serie A,2022,Atletico Goianiense,Botafogo,1,1,1,1,0,https://media-1.api-sports.io/football/teams/144.png,https://media-2.api-sports.io/football/teams/120.png
Serie A,2022,Avai,Goias,3,0,3,2,1,https://media-3.api-sports.io/football/teams/145.png,https://media-2.api-sports.io/football/teams/151.png
Serie A,2022,Atletico Paranaense,Flamengo,3,0,1,0,1,https://media-3.api-sports.io/football/teams/134.png,https://media-2.api-sports.io/football/teams/127.png
Serie A,2022,America Mineiro,Atletico Paranaense,3,0,1,0,1,https://media-2.api-sports.io/football/teams/125.png,https://media-1.api-sports.io/football/teams/134.png
Serie A,2022,Flamengo,Palmeiras,1,1,0,0,0,https://media-1.api-sports.io/football/teams/127.png,https://media-2.api-sports.io/football/teams/121.png
Serie A,2022,Sao Paulo,Santos,3,0,2,1,1,https://media-2.api-sports.io/football/teams/126.png,https://media-3.api-sports.io/football/teams/128.png
Serie A,2022,Corinthians,Fortaleza EC,3,0,1,0,1,https://media-1.api-sports.io/football/teams/131.png,https://media-1.api-sports.io/football/teams/154.png
Serie A,2022,Botafogo,Juventude,1,1,1,1,0,https://media-2.api-sports.io/football/teams/120.png,https://media-2.api-sports.io/football/teams/152.png
Serie A,2022,Internacional,Avai,1,1,0,0,0,https://media-1.api-sports.io/football/teams/119.png,https://media-3.api-sports.io/football/teams/145.png
Serie A,2022,Ceara,RB Bragantino,0,3,0,1,-1,https://media-3.api-sports.io/football/teams/129.png,https://media-3.api-sports.io/football/teams/794.png
Serie A,2022,Goias,Atletico-MG,1,1,2,2,0,https://media-1.api-sports.io/football/teams/151.png,https://media-3.api-sports.io/football/teams/1062.png
Serie A,2022,Cuiaba,Atletico Goianiense,1,1,1,1,0,https://media-1.api-sports.io/football/teams/1193.png,https://media-2.api-sports.io/football/teams/144.png
Serie A,2022,Coritiba,Fluminense,3,0,3,2,1,https://media-1.api-sports.io/football/teams/147.png,https://media-1.api-sports.io/football/teams/124.png
Serie A,2022,Atletico-MG,America Mineiro,0,3,1,2,-1,https://media-3.api-sports.io/football/teams/1062.png,https://media-3.api-sports.io/football/teams/125.png
Serie A,2022,Flamengo,Botafogo,0,3,0,1,-1,https://media-1.api-sports.io/football/teams/127.png,https://media-1.api-sports.io/football/teams/120.png
Serie A,2022,RB Bragantino,Corinthians,0,3,0,1,-1,https://media-1.api-sports.io/football/teams/794.png,https://media-2.api-sports.io/football/teams/131.png
Serie A,2022,Palmeiras,Fluminense,1,1,1,1,0,https://media-3.api-sports.io/football/teams/121.png,https://media-1.api-sports.io/football/teams/124.png
Serie A,2022,Santos,Cuiaba,3,0,4,1,3,https://media-3.api-sports.io/football/teams/128.png,https://media-3.api-sports.io/football/teams/1193.png
Serie A,2022,Juventude,Internacional,1,1,1,1,0,https://media-1.api-sports.io/football/teams/152.png,https://media-3.api-sports.io/football/teams/119.png
Serie A,2022,Fortaleza EC,Sao Paulo,1,1,1,1,0,https://media-3.api-sports.io/football/teams/154.png,https://media-3.api-sports.io/football/teams/126.png
Serie A,2022,Atletico Goianiense,Goias,0,3,0,1,-1,https://media-3.api-sports.io/football/teams/144.png,https://media-3.api-sports.io/football/teams/151.png
Serie A,2022,Avai,Coritiba,3,0,2,1,1,https://media-3.api-sports.io/football/teams/145.png,https://media-2.api-sports.io/football/teams/147.png
Serie A,2022,Atletico Paranaense,Ceara,3,0,1,0,1,https://media-1.api-sports.io/football/teams/134.png,https://media-2.api-sports.io/football/teams/129.png
Serie A,2022,Atletico-MG,Atletico Goianiense,3,0,2,0,2,https://media-1.api-sports.io/football/teams/1062.png,https://media-3.api-sports.io/football/teams/144.png
Serie A,2022,Fluminense,Atletico Paranaense,3,0,2,1,1,https://media-3.api-sports.io/football/teams/124.png,https://media-3.api-sports.io/football/teams/134.png
Serie A,2022,Sao Paulo,Cuiaba,3,0,2,1,1,https://media-1.api-sports.io/football/teams/126.png,https://media-1.api-sports.io/football/teams/1193.png
Serie A,2022,Palmeiras,RB Bragantino,3,0,2,0,2,https://media-2.api-sports.io/football/teams/121.png,https://media-1.api-sports.io/football/teams/794.png
Serie A,2022,Botafogo,Fortaleza EC,3,0,3,1,2,https://media-2.api-sports.io/football/teams/120.png,https://media-3.api-sports.io/football/teams/154.png
Serie A,2022,Internacional,Corinthians,1,1,2,2,0,https://media-1.api-sports.io/football/teams/119.png,https://media-1.api-sports.io/football/teams/131.png
Serie A,2022,Ceara,Flamengo,1,1,2,2,0,https://media-2.api-sports.io/football/teams/129.png,https://media-2.api-sports.io/football/teams/127.png
Serie A,2022,Goias,Santos,3,0,1,0,1,https://media-3.api-sports.io/football/teams/151.png,https://media-2.api-sports.io/football/teams/128.png
Serie A,2022,Avai,Juventude,0,3,1,2,-1,https://media-1.api-sports.io/football/teams/145.png,https://media-1.api-sports.io/football/teams/152.png
Serie A,2022,Coritiba,America Mineiro,3,0,1,0,1,https://media-1.api-sports.io/football/teams/147.png,https://media-1.api-sports.io/football/teams/125.png
Serie A,2022,America Mineiro,Botafogo,1,1,1,1,0,https://media-1.api-sports.io/football/teams/125.png,https://media-2.api-sports.io/football/teams/120.png
Serie A,2022,Flamengo,Goias,3,0,1,0,1,https://media-2.api-sports.io/football/teams/127.png,https://media-1.api-sports.io/football/teams/151.png
Serie A,2022,RB Bragantino,Atletico-MG,1,1,1,1,0,https://media-3.api-sports.io/football/teams/794.png,https://media-1.api-sports.io/football/teams/1062.png
Serie A,2022,Corinthians,Sao Paulo,1,1,1,1,0,https://media-1.api-sports.io/football/teams/131.png,https://media-2.api-sports.io/football/teams/126.png
Serie A,2022,Santos,Ceara,1,1,0,0,0,https://media-1.api-sports.io/football/teams/128.png,https://media-3.api-sports.io/football/teams/129.png
Serie A,2022,Juventude,Palmeiras,0,3,0,3,-3,https://media-1.api-sports.io/football/teams/152.png,https://media-2.api-sports.io/football/teams/121.png
Serie A,2022,Fortaleza EC,Fluminense,0,3,0,1,-1,https://media-1.api-sports.io/football/teams/154.png,https://media-3.api-sports.io/football/teams/124.png
Serie A,2022,Atletico Goianiense,Coritiba,3,0,2,0,2,https://media-2.api-sports.io/football/teams/144.png,https://media-1.api-sports.io/football/teams/147.png
Serie A,2022,Cuiaba,Internacional,1,1,1,1,0,https://media-2.api-sports.io/football/teams/1193.png,https://media-1.api-sports.io/football/teams/119.png
Serie A,2022,Atletico Paranaense,Avai,3,0,2,1,1,https://media-3.api-sports.io/football/teams/134.png,https://media-3.api-sports.io/football/teams/145.png
Serie A,2022,Atletico-MG,Avai,3,0,2,1,1,https://media-2.api-sports.io/football/teams/1062.png,https://media-2.api-sports.io/football/teams/145.png
Serie A,2022,Fluminense,Flamengo,0,3,1,2,-1,https://media-2.api-sports.io/football/teams/124.png,https://media-3.api-sports.io/football/teams/127.png
Serie A,2022,Sao Paulo,Ceara,1,1,2,2,0,https://media-1.api-sports.io/football/teams/126.png,https://media-2.api-sports.io/football/teams/129.png
Serie A,2022,Corinthians,America Mineiro,1,1,1,1,0,https://media-3.api-sports.io/football/teams/131.png,https://media-1.api-sports.io/football/teams/125.png
Serie A,2022,Santos,Palmeiras,0,3,0,1,-1,https://media-3.api-sports.io/football/teams/128.png,https://media-2.api-sports.io/football/teams/121.png
Serie A,2022,Internacional,Atletico Goianiense,1,1,1,1,0,https://media-2.api-sports.io/football/teams/119.png,https://media-3.api-sports.io/football/teams/144.png
Serie A,2022,Fortaleza EC,Juventude,1,1,1,1,0,https://media-3.api-sports.io/football/teams/154.png,https://media-2.api-sports.io/football/teams/152.png
Serie A,2022,Goias,RB Bragantino,1,1,1,1,0,https://media-3.api-sports.io/football/teams/151.png,https://media-2.api-sports.io/football/teams/794.png
Serie A,2022,Cuiaba,Atletico Paranaense,0,3,0,1,-1,https://media-3.api-sports.io/football/teams/1193.png,https://media-2.api-sports.io/football/teams/134.png
Serie A,2022,Coritiba,Botafogo,3,0,1,0,1,https://media-3.api-sports.io/football/teams/147.png,https://media-1.api-sports.io/football/teams/120.png
Serie A,2022,America Mineiro,Cuiaba,3,0,2,1,1,https://media-2.api-sports.io/football/teams/125.png,https://media-3.api-sports.io/football/teams/1193.png
Serie A,2022,Flamengo,Fortaleza EC,0,3,1,2,-1,https://media-2.api-sports.io/football/teams/127.png,https://media-2.api-sports.io/football/teams/154.png
Serie A,2022,RB Bragantino,Internacional,0,3,0,2,-2,https://media-2.api-sports.io/football/teams/794.png,https://media-3.api-sports.io/football/teams/119.png
Serie A,2022,Palmeiras,Atletico-MG,1,1,0,0,0,https://media-2.api-sports.io/football/teams/121.png,https://media-1.api-sports.io/football/teams/1062.png
Serie A,2022,Botafogo,Goias,0,3,1,2,-1,https://media-3.api-sports.io/football/teams/120.png,https://media-3.api-sports.io/football/teams/151.png
Serie A,2022,Juventude,Fluminense,3,0,1,0,1,https://media-3.api-sports.io/football/teams/152.png,https://media-1.api-sports.io/football/teams/124.png
Serie A,2022,Ceara,Coritiba,1,1,1,1,0,https://media-2.api-sports.io/football/teams/129.png,https://media-2.api-sports.io/football/teams/147.png
Serie A,2022,Atletico Goianiense,Corinthians,0,3,0,1,-1,https://media-3.api-sports.io/football/teams/144.png,https://media-3.api-sports.io/football/teams/131.png
Serie A,2022,Avai,Sao Paulo,1,1,1,1,0,https://media-2.api-sports.io/football/teams/145.png,https://media-1.api-sports.io/football/teams/126.png
Serie A,2022,Atletico Paranaense,Santos,1,1,2,2,0,https://media-3.api-sports.io/football/teams/134.png,https://media-1.api-sports.io/football/teams/128.png
Serie A,2022,America Mineiro,Ceara,0,3,0,2,-2,https://media-3.api-sports.io/football/teams/125.png,https://media-3.api-sports.io/football/teams/129.png
Serie A,2022,Fluminense,Atletico-MG,3,0,5,3,2,https://media-3.api-sports.io/football/teams/124.png,https://media-3.api-sports.io/football/teams/1062.png
Serie A,2022,RB Bragantino,Flamengo,3,0,1,0,1,https://media-2.api-sports.io/football/teams/794.png,https://media-2.api-sports.io/football/teams/127.png
Serie A,2022,Palmeiras,Botafogo,3,0,4,0,4,https://media-2.api-sports.io/football/teams/121.png,https://media-1.api-sports.io/football/teams/120.png
Serie A,2022,Santos,Internacional,1,1,1,1,0,https://media-1.api-sports.io/football/teams/128.png,https://media-2.api-sports.io/football/teams/119.png
Serie A,2022,Juventude,Atletico Paranaense,0,3,1,3,-2,https://media-1.api-sports.io/football/teams/152.png,https://media-1.api-sports.io/football/teams/134.png
Serie A,2022,Fortaleza EC,Goias,1,1,1,1,0,https://media-2.api-sports.io/football/teams/154.png,https://media-3.api-sports.io/football/teams/151.png
Serie A,2022,Atletico Goianiense,Avai,3,0,2,1,1,https://media-1.api-sports.io/football/teams/144.png,https://media-3.api-sports.io/football/teams/145.png
Serie A,2022,Cuiaba,Corinthians,3,0,1,0,1,https://media-1.api-sports.io/football/teams/1193.png,https://media-1.api-sports.io/football/teams/131.png
Serie A,2022,Coritiba,Sao Paulo,1,1,1,1,0,https://media-1.api-sports.io/football/teams/147.png,https://media-2.api-sports.io/football/teams/126.png
Serie A,2022,Atletico-MG,Santos,1,1,1,1,0,https://media-2.api-sports.io/football/teams/1062.png,https://media-3.api-sports.io/football/teams/128.png
Serie A,2022,Fluminense,Atletico Goianiense,0,3,0,2,-2,https://media-1.api-sports.io/football/teams/124.png,https://media-2.api-sports.io/football/teams/144.png
Serie A,2022,Sao Paulo,America Mineiro,3,0,1,0,1,https://media-1.api-sports.io/football/teams/126.png,https://media-2.api-sports.io/football/teams/125.png
Serie A,2022,Corinthians,Juventude,3,0,2,0,2,https://media-3.api-sports.io/football/teams/131.png,https://media-3.api-sports.io/football/teams/152.png
Serie A,2022,Botafogo,Avai,0,3,0,1,-1,https://media-2.api-sports.io/football/teams/120.png,https://media-2.api-sports.io/football/teams/145.png
Serie A,2022,Internacional,Flamengo,3,0,3,1,2,https://media-1.api-sports.io/football/teams/119.png,https://media-2.api-sports.io/football/teams/127.png
Serie A,2022,Fortaleza EC,Atletico Paranaense,1,1,0,0,0,https://media-3.api-sports.io/football/teams/154.png,https://media-3.api-sports.io/football/teams/134.png
Serie A,2022,Goias,Ceara,1,1,1,1,0,https://media-2.api-sports.io/football/teams/151.png,https://media-1.api-sports.io/football/teams/129.png
Serie A,2022,Cuiaba,RB Bragantino,1,1,1,1,0,https://media-2.api-sports.io/football/teams/1193.png,https://media-3.api-sports.io/football/teams/794.png
Serie A,2022,Coritiba,Palmeiras,0,3,0,2,-2,https://media-1.api-sports.io/football/teams/147.png,https://media-3.api-sports.io/football/teams/121.png
Serie A,2022,America Mineiro,Fluminense,1,1,0,0,0,https://media-3.api-sports.io/football/teams/125.png,https://media-2.api-sports.io/football/teams/124.png
Serie A,2022,Flamengo,Cuiaba,3,0,2,0,2,https://media-3.api-sports.io/football/teams/127.png,https://media-1.api-sports.io/football/teams/1193.png
Serie A,2022,RB Bragantino,Coritiba,3,0,4,2,2,https://media-2.api-sports.io/football/teams/794.png,https://media-2.api-sports.io/football/teams/147.png
Serie A,2022,Palmeiras,Atletico Goianiense,3,0,4,2,2,https://media-3.api-sports.io/football/teams/121.png,https://media-3.api-sports.io/football/teams/144.png
Serie A,2022,Botafogo,Sao Paulo,3,0,1,0,1,https://media-1.api-sports.io/football/teams/120.png,https://media-3.api-sports.io/football/teams/126.png
Serie A,2022,Juventude,Santos,0,3,1,2,-1,https://media-3.api-sports.io/football/teams/152.png,https://media-1.api-sports.io/football/teams/128.png
Serie A,2022,Ceara,Atletico-MG,1,1,0,0,0,https://media-3.api-sports.io/football/teams/129.png,https://media-2.api-sports.io/football/teams/1062.png
Serie A,2022,Goias,Internacional,0,3,1,2,-1,https://media-1.api-sports.io/football/teams/151.png,https://media-3.api-sports.io/football/teams/119.png
Serie A,2022,Avai,Fortaleza EC,3,0,3,2,1,https://media-3.api-sports.io/football/teams/145.png,https://media-1.api-sports.io/football/teams/154.png
Serie A,2022,Atletico Paranaense,Corinthians,1,1,1,1,0,https://media-3.api-sports.io/football/teams/134.png,https://media-1.api-sports.io/football/teams/131.png
Serie A,2022,Atletico-MG,Flamengo,3,0,2,0,2,https://media-3.api-sports.io/football/teams/1062.png,https://media-1.api-sports.io/football/teams/127.png
Serie A,2022,Fluminense,Avai,3,0,2,0,2,https://media-2.api-sports.io/football/teams/124.png,https://media-2.api-sports.io/football/teams/145.png
Serie A,2022,Sao Paulo,Palmeiras,0,3,1,2,-1,https://media-1.api-sports.io/football/teams/126.png,https://media-3.api-sports.io/football/teams/121.png
Serie A,2022,Corinthians,Goias,3,0,1,0,1,https://media-2.api-sports.io/football/teams/131.png,https://media-2.api-sports.io/football/teams/151.png
Serie A,2022,Santos,RB Bragantino,1,1,2,2,0,https://media-1.api-sports.io/football/teams/128.png,https://media-3.api-sports.io/football/teams/794.png
Serie A,2022,Internacional,Botafogo,0,3,2,3,-1,https://media-2.api-sports.io/football/teams/119.png,https://media-3.api-sports.io/football/teams/120.png
Serie A,2022,Fortaleza EC,America Mineiro,3,0,1,0,1,https://media-1.api-sports.io/football/teams/154.png,https://media-2.api-sports.io/football/teams/125.png
Serie A,2022,Atletico Goianiense,Juventude,3,0,3,1,2,https://media-3.api-sports.io/football/teams/144.png,https://media-3.api-sports.io/football/teams/152.png
Serie A,2022,Cuiaba,Ceara,1,1,0,0,0,https://media-2.api-sports.io/football/teams/1193.png,https://media-1.api-sports.io/football/teams/129.png
Serie A,2022,Coritiba,Atletico Paranaense,0,3,0,1,-1,https://media-2.api-sports.io/football/teams/147.png,https://media-1.api-sports.io/football/teams/134.png
Serie A,2022,Atletico-MG,Fortaleza EC,3,0,3,2,1,https://media-2.api-sports.io/football/teams/1062.png,https://media-3.api-sports.io/football/teams/154.png
Serie A,2022,Flamengo,America Mineiro,3,0,3,0,3,https://media-2.api-sports.io/football/teams/127.png,https://media-1.api-sports.io/football/teams/125.png
Serie A,2022,Sao Paulo,Juventude,1,1,0,0,0,https://media-1.api-sports.io/football/teams/126.png,https://media-3.api-sports.io/football/teams/152.png
Serie A,2022,Corinthians,Santos,1,1,0,0,0,https://media-2.api-sports.io/football/teams/131.png,https://media-2.api-sports.io/football/teams/128.png
Serie A,2022,Botafogo,Fluminense,0,3,0,1,-1,https://media-2.api-sports.io/football/teams/120.png,https://media-2.api-sports.io/football/teams/124.png
Serie A,2022,Internacional,Coritiba,3,0,3,0,3,https://media-1.api-sports.io/football/teams/119.png,https://media-2.api-sports.io/football/teams/147.png
Serie A,2022,Ceara,Atletico Goianiense,1,1,1,1,0,https://media-3.api-sports.io/football/teams/129.png,https://media-1.api-sports.io/football/teams/144.png
Serie A,2022,Goias,Cuiaba,3,0,1,0,1,https://media-1.api-sports.io/football/teams/151.png,https://media-1.api-sports.io/football/teams/1193.png
Serie A,2022,Avai,Palmeiras,1,1,2,2,0,https://media-1.api-sports.io/football/teams/145.png,https://media-3.api-sports.io/football/teams/121.png
Serie A,2022,Atletico Paranaense,RB Bragantino,3,0,4,2,2,https://media-3.api-sports.io/football/teams/134.png,https://media-2.api-sports.io/football/teams/794.png
Serie A,2022,America Mineiro,Goias,3,0,1,0,1,https://media-2.api-sports.io/football/teams/125.png,https://media-3.api-sports.io/football/teams/151.png
Serie A,2022,Fluminense,Corinthians,3,0,4,0,4,https://media-2.api-sports.io/football/teams/124.png,https://media-3.api-sports.io/football/teams/131.png
Serie A,2022,RB Bragantino,Botafogo,0,3,0,1,-1,https://media-3.api-sports.io/football/teams/794.png,https://media-1.api-sports.io/football/teams/120.png
Serie A,2022,Palmeiras,Atletico Paranaense,0,3,0,2,-2,https://media-2.api-sports.io/football/teams/121.png,https://media-2.api-sports.io/football/teams/134.png
Serie A,2022,Santos,Flamengo,0,3,1,2,-1,https://media-3.api-sports.io/football/teams/128.png,https://media-1.api-sports.io/football/teams/127.png
Serie A,2022,Juventude,Atletico-MG,0,3,1,2,-1,https://media-3.api-sports.io/football/teams/152.png,https://media-3.api-sports.io/football/teams/1062.png
Serie A,2022,Ceara,Internacional,1,1,1,1,0,https://media-3.api-sports.io/football/teams/129.png,https://media-2.api-sports.io/football/teams/119.png
Serie A,2022,Atletico Goianiense,Sao Paulo,0,3,1,2,-1,https://media-2.api-sports.io/football/teams/144.png,https://media-1.api-sports.io/football/teams/126.png
Serie A,2022,Avai,Cuiaba,0,3,1,2,-1,https://media-3.api-sports.io/football/teams/145.png,https://media-3.api-sports.io/football/teams/1193.png
Serie A,2022,Coritiba,Fortaleza EC,3,0,2,1,1,https://media-1.api-sports.io/football/teams/147.png,https://media-2.api-sports.io/football/teams/154.png
Serie A,2022,Atletico-MG,Sao Paulo,1,1,0,0,0,https://media-2.api-sports.io/football/teams/1062.png,https://media-3.api-sports.io/football/teams/126.png
Serie A,2022,Fluminense,Ceara,3,0,2,1,1,https://media-3.api-sports.io/football/teams/124.png,https://media-1.api-sports.io/football/teams/129.png
Serie A,2022,RB Bragantino,Avai,3,0,4,0,4,https://media-1.api-sports.io/football/teams/794.png,https://media-1.api-sports.io/football/teams/145.png
Serie A,2022,Corinthians,Flamengo,3,0,1,0,1,https://media-3.api-sports.io/football/teams/131.png,https://media-1.api-sports.io/football/teams/127.png
Serie A,2022,Santos,Atletico Goianiense,3,0,1,0,1,https://media-1.api-sports.io/football/teams/128.png,https://media-2.api-sports.io/football/teams/144.png
Serie A,2022,Internacional,America Mineiro,3,0,1,0,1,https://media-2.api-sports.io/football/teams/119.png,https://media-2.api-sports.io/football/teams/125.png
Serie A,2022,Fortaleza EC,Palmeiras,1,1,0,0,0,https://media-1.api-sports.io/football/teams/154.png,https://media-1.api-sports.io/football/teams/121.png
Serie A,2022,Goias,Atletico Paranaense,3,0,2,1,1,https://media-1.api-sports.io/football/teams/151.png,https://media-2.api-sports.io/football/teams/134.png
Serie A,2022,Cuiaba,Botafogo,3,0,2,0,2,https://media-3.api-sports.io/football/teams/1193.png,https://media-3.api-sports.io/football/teams/120.png
Serie A,2022,Coritiba,Juventude,1,1,2,2,0,https://media-1.api-sports.io/football/teams/147.png,https://media-2.api-sports.io/football/teams/152.png
Serie A,2022,America Mineiro,RB Bragantino,0,3,0,3,-3,https://media-1.api-sports.io/football/teams/125.png,https://media-2.api-sports.io/football/teams/794.png
Serie A,2022,Flamengo,Coritiba,3,0,2,0,2,https://media-2.api-sports.io/football/teams/127.png,https://media-3.api-sports.io/football/teams/147.png
Serie A,2022,Sao Paulo,Fluminense,1,1,2,2,0,https://media-3.api-sports.io/football/teams/126.png,https://media-3.api-sports.io/football/teams/124.png
Serie A,2022,Palmeiras,Cuiaba,3,0,1,0,1,https://media-3.api-sports.io/football/teams/121.png,https://media-1.api-sports.io/football/teams/1193.png
Serie A,2022,Botafogo,Atletico-MG,0,3,0,1,-1,https://media-1.api-sports.io/football/teams/120.png,https://media-1.api-sports.io/football/teams/1062.png
Serie A,2022,Juventude,Goias,1,1,0,0,0,https://media-3.api-sports.io/football/teams/152.png,https://media-1.api-sports.io/football/teams/151.png
Serie A,2022,Ceara,Corinthians,3,0,3,1,2,https://media-3.api-sports.io/football/teams/129.png,https://media-1.api-sports.io/football/teams/131.png
Serie A,2022,Atletico Goianiense,Fortaleza EC,0,3,0,1,-1,https://media-2.api-sports.io/football/teams/144.png,https://media-1.api-sports.io/football/teams/154.png
Serie A,2022,Avai,Santos,3,0,1,0,1,https://media-3.api-sports.io/football/teams/145.png,https://media-3.api-sports.io/football/teams/128.png
Serie A,2022,Atletico Paranaense,Internacional,1,1,0,0,0,https://media-2.api-sports.io/football/teams/134.png,https://media-1.api-sports.io/football/teams/119.png
Serie A,2022,America Mineiro,Palmeiras,0,3,0,1,-1,https://media-3.api-sports.io/football/teams/125.png,https://media-3.api-sports.io/football/teams/121.png
Serie A,2022,Flamengo,Juventude,3,0,4,0,4,https://media-3.api-sports.io/football/teams/127.png,https://media-3.api-sports.io/football/teams/152.png
Serie A,2022,RB Bragantino,Fortaleza EC,3,0,2,1,1,https://media-3.api-sports.io/football/teams/794.png,https://media-2.api-sports.io/football/teams/154.png
Serie A,2022,Corinthians,Coritiba,3,0,3,1,2,https://media-1.api-sports.io/football/teams/131.png,https://media-2.api-sports.io/football/teams/147.png
Serie A,2022,Santos,Botafogo,3,0,2,0,2,https://media-2.api-sports.io/football/teams/128.png,https://media-2.api-sports.io/football/teams/120.png
Serie A,2022,Internacional,Sao Paulo,1,1,3,3,0,https://media-3.api-sports.io/football/teams/119.png,https://media-2.api-sports.io/football/teams/126.png
Serie A,2022,Ceara,Avai,3,0,1,0,1,https://media-1.api-sports.io/football/teams/129.png,https://media-3.api-sports.io/football/teams/145.png
Serie A,2022,Goias,Fluminense,0,3,2,3,-1,https://media-2.api-sports.io/football/teams/151.png,https://media-1.api-sports.io/football/teams/124.png
Serie A,2022,Cuiaba,Atletico-MG,1,1,1,1,0,https://media-3.api-sports.io/football/teams/1193.png,https://media-2.api-sports.io/football/teams/1062.png
Serie A,2022,Atletico Paranaense,Atletico Goianiense,3,0,4,1,3,https://media-2.api-sports.io/football/teams/134.png,https://media-1.api-sports.io/football/teams/144.png
Serie A,2022,Atletico-MG,Corinthians,0,3,1,2,-1,https://media-1.api-sports.io/football/teams/1062.png,https://media-3.api-sports.io/football/teams/131.png
Serie A,2022,Fluminense,RB Bragantino,3,0,2,1,1,https://media-2.api-sports.io/football/teams/124.png,https://media-2.api-sports.io/football/teams/794.png
Serie A,2022,Sao Paulo,Goias,1,1,3,3,0,https://media-2.api-sports.io/football/teams/126.png,https://media-1.api-sports.io/football/teams/151.png
Serie A,2022,Palmeiras,Internacional,3,0,2,1,1,https://media-2.api-sports.io/football/teams/121.png,https://media-1.api-sports.io/football/teams/119.png
Serie A,2022,Botafogo,Atletico Paranaense,3,0,2,0,2,https://media-3.api-sports.io/football/teams/120.png,https://media-2.api-sports.io/football/teams/134.png
Serie A,2022,Juventude,Ceara,3,0,1,0,1,https://media-2.api-sports.io/football/teams/152.png,https://media-1.api-sports.io/football/teams/129.png
Serie A,2022,Fortaleza EC,Santos,1,1,0,0,0,https://media-1.api-sports.io/football/teams/154.png,https://media-2.api-sports.io/football/teams/128.png
Serie A,2022,Atletico Goianiense,America Mineiro,0,3,0,1,-1,https://media-1.api-sports.io/football/teams/144.png,https://media-3.api-sports.io/football/teams/125.png
Serie A,2022,Avai,Flamengo,0,3,1,2,-1,https://media-2.api-sports.io/football/teams/145.png,https://media-1.api-sports.io/football/teams/127.png
Serie A,2022,Coritiba,Cuiaba,3,0,1,0,1,https://media-2.api-sports.io/football/teams/147.png,https://media-1.api-sports.io/football/teams/1193.png
Serie A,2022,America Mineiro,Avai,3,0,3,1,2,https://media-1.api-sports.io/football/teams/125.png,https://media-2.api-sports.io/football/teams/145.png
Serie A,2022,Flamengo,Atletico Goianiense,3,0,4,1,3,https://media-3.api-sports.io/football/teams/127.png,https://media-3.api-sports.io/football/teams/144.png
Serie A,2022,RB Bragantino,Juventude,3,0,1,0,1,https://media-2.api-sports.io/football/teams/794.png,https://media-3.api-sports.io/football/teams/152.png
Serie A,2022,Corinthians,Botafogo,3,0,1,0,1,https://media-3.api-sports.io/football/teams/131.png,https://media-2.api-sports.io/football/teams/120.png
Serie A,2022,Santos,Fluminense,1,1,2,2,0,https://media-1.api-sports.io/football/teams/128.png,https://media-2.api-sports.io/football/teams/124.png
Serie A,2022,Internacional,Atletico-MG,3,0,3,0,3,https://media-1.api-sports.io/football/teams/119.png,https://media-3.api-sports.io/football/teams/1062.png
Serie A,2022,Ceara,Palmeiras,0,3,1,2,-1,https://media-1.api-sports.io/football/teams/129.png,https://media-1.api-sports.io/football/teams/121.png
Serie A,2022,Goias,Coritiba,3,0,1,0,1,https://media-1.api-sports.io/football/teams/151.png,https://media-1.api-sports.io/football/teams/147.png
Serie A,2022,Cuiaba,Fortaleza EC,0,3,0,1,-1,https://media-2.api-sports.io/football/teams/1193.png,https://media-3.api-sports.io/football/teams/154.png
Serie A,2022,Atletico Paranaense,Sao Paulo,3,0,1,0,1,https://media-1.api-sports.io/football/teams/134.png,https://media-2.api-sports.io/football/teams/126.png
Serie A,2022,Atletico-MG,Atletico Paranaense,0,3,2,3,-1,https://media-3.api-sports.io/football/teams/1062.png,https://media-1.api-sports.io/football/teams/134.png
Serie A,2022,Fluminense,Cuiaba,3,0,1,0,1,https://media-1.api-sports.io/football/teams/124.png,https://media-1.api-sports.io/football/teams/1193.png
Serie A,2022,Sao Paulo,Flamengo,0,3,0,2,-2,https://media-2.api-sports.io/football/teams/126.png,https://media-1.api-sports.io/football/teams/127.png
Serie A,2022,Palmeiras,Goias,3,0,3,0,3,https://media-1.api-sports.io/football/teams/121.png,https://media-3.api-sports.io/football/teams/151.png
Serie A,2022,Botafogo,Ceara,1,1,1,1,0,https://media-3.api-sports.io/football/teams/120.png,https://media-3.api-sports.io/football/teams/129.png
Serie A,2022,Juventude,America Mineiro,0,3,0,1,-1,https://media-1.api-sports.io/football/teams/152.png,https://media-1.api-sports.io/football/teams/125.png
Serie A,2022,Fortaleza EC,Internacional,3,0,3,0,3,https://media-2.api-sports.io/football/teams/154.png,https://media-3.api-sports.io/football/teams/119.png
Serie A,2022,Atletico Goianiense,RB Bragantino,3,0,2,1,1,https://media-2.api-sports.io/football/teams/144.png,https://media-1.api-sports.io/football/teams/794.png
Serie A,2022,Avai,Corinthians,1,1,1,1,0,https://media-2.api-sports.io/football/teams/145.png,https://media-1.api-sports.io/football/teams/131.png
Serie A,2022,Coritiba,Santos,0,3,1,2,-1,https://media-1.api-sports.io/football/teams/147.png,https://media-3.api-sports.io/football/teams/128.png
Serie A,2022,America Mineiro,Santos,3,0,1,0,1,https://media-2.api-sports.io/football/teams/125.png,https://media-3.api-sports.io/football/teams/128.png
Serie A,2022,Flamengo,Atletico Paranaense,3,0,5,0,5,https://media-1.api-sports.io/football/teams/127.png,https://media-2.api-sports.io/football/teams/134.png
Serie A,2022,Sao Paulo,RB Bragantino,3,0,3,0,3,https://media-3.api-sports.io/football/teams/126.png,https://media-2.api-sports.io/football/teams/794.png
Serie A,2022,Corinthians,Palmeiras,0,3,0,1,-1,https://media-1.api-sports.io/football/teams/131.png,https://media-3.api-sports.io/football/teams/121.png
Serie A,2022,Botafogo,Atletico Goianiense,1,1,0,0,0,https://media-2.api-sports.io/football/teams/120.png,https://media-1.api-sports.io/football/teams/144.png
Serie A,2022,Internacional,Fluminense,3,0,3,0,3,https://media-3.api-sports.io/football/teams/119.png,https://media-1.api-sports.io/football/teams/124.png
Serie A,2022,Ceara,Fortaleza EC,0,3,0,1,-1,https://media-2.api-sports.io/football/teams/129.png,https://media-1.api-sports.io/football/teams/154.png
Serie A,2022,Goias,Avai,1,1,1,1,0,https://media-3.api-sports.io/football/teams/151.png,https://media-3.api-sports.io/football/teams/145.png
Serie A,2022,Cuiaba,Juventude,3,0,1,0,1,https://media-1.api-sports.io/football/teams/1193.png,https://media-3.api-sports.io/football/teams/152.png
Serie A,2022,Coritiba,Atletico-MG,0,3,0,1,-1,https://media-3.api-sports.io/football/teams/147.png,https://media-1.api-sports.io/football/teams/1062.png
Serie A,2022,Atletico-MG,Goias,0,3,0,1,-1,https://media-1.api-sports.io/football/teams/1062.png,https://media-1.api-sports.io/football/teams/151.png
Serie A,2022,Fluminense,Coritiba,3,0,5,2,3,https://media-2.api-sports.io/football/teams/124.png,https://media-2.api-sports.io/football/teams/147.png
Serie A,2022,RB Bragantino,Ceara,1,1,1,1,0,https://media-3.api-sports.io/football/teams/794.png,https://media-1.api-sports.io/football/teams/129.png
Serie A,2022,Palmeiras,Flamengo,1,1,1,1,0,https://media-1.api-sports.io/football/teams/121.png,https://media-3.api-sports.io/football/teams/127.png
Serie A,2022,Santos,Sao Paulo,3,0,1,0,1,https://media-1.api-sports.io/football/teams/128.png,https://media-2.api-sports.io/football/teams/126.png
Serie A,2022,Juventude,Botafogo,1,1,2,2,0,https://media-3.api-sports.io/football/teams/152.png,https://media-1.api-sports.io/football/teams/120.png
Serie A,2022,Fortaleza EC,Corinthians,3,0,1,0,1,https://media-2.api-sports.io/football/teams/154.png,https://media-3.api-sports.io/football/teams/131.png
Serie A,2022,Atletico Goianiense,Cuiaba,1,1,1,1,0,https://media-2.api-sports.io/football/teams/144.png,https://media-1.api-sports.io/football/teams/1193.png
Serie A,2022,Avai,Internacional,0,3,0,1,-1,https://media-2.api-sports.io/football/teams/145.png,https://media-1.api-sports.io/football/teams/119.png
Serie A,2022,Atletico Paranaense,America Mineiro,1,1,1,1,0,https://media-3.api-sports.io/football/teams/134.png,https://media-3.api-sports.io/football/teams/125.png
Serie A,2022,America Mineiro,Atletico-MG,1,1,1,1,0,https://media-1.api-sports.io/football/teams/125.png,https://media-2.api-sports.io/football/teams/1062.png
Serie A,2022,Fluminense,Palmeiras,1,1,1,1,0,https://media-1.api-sports.io/football/teams/124.png,https://media-2.api-sports.io/football/teams/121.png
Serie A,2022,Sao Paulo,Fortaleza EC,0,3,0,1,-1,https://media-3.api-sports.io/football/teams/126.png,https://media-2.api-sports.io/football/teams/154.png
Serie A,2022,Corinthians,RB Bragantino,3,0,1,0,1,https://media-3.api-sports.io/football/teams/131.png,https://media-2.api-sports.io/football/teams/794.png
Serie A,2022,Botafogo,Flamengo,0,3,0,1,-1,https://media-2.api-sports.io/football/teams/120.png,https://media-2.api-sports.io/football/teams/127.png
Serie A,2022,Internacional,Juventude,3,0,4,0,4,https://media-2.api-sports.io/football/teams/119.png,https://media-1.api-sports.io/football/teams/152.png
Serie A,2022,Ceara,Atletico Paranaense,1,1,0,0,0,https://media-1.api-sports.io/football/teams/129.png,https://media-2.api-sports.io/football/teams/134.png
Serie A,2022,Goias,Atletico Goianiense,3,0,2,1,1,https://media-2.api-sports.io/football/teams/151.png,https://media-3.api-sports.io/football/teams/144.png
Serie A,2022,Cuiaba,Santos,1,1,0,0,0,https://media-1.api-sports.io/football/teams/1193.png,https://media-2.api-sports.io/football/teams/128.png
Serie A,2022,Coritiba,Avai,3,0,1,0,1,https://media-3.api-sports.io/football/teams/147.png,https://media-1.api-sports.io/football/teams/145.png
Serie A,2022,America Mineiro,Coritiba,3,0,2,0,2,https://media-1.api-sports.io/football/teams/125.png,https://media-1.api-sports.io/football/teams/147.png
Serie A,2022,Flamengo,Ceara,1,1,1,1,0,https://media-3.api-sports.io/football/teams/127.png,https://media-1.api-sports.io/football/teams/129.png
Serie A,2022,RB Bragantino,Palmeiras,1,1,2,2,0,https://media-3.api-sports.io/football/teams/794.png,https://media-2.api-sports.io/football/teams/121.png
Serie A,2022,Corinthians,Internacional,1,1,2,2,0,https://media-2.api-sports.io/football/teams/131.png,https://media-3.api-sports.io/football/teams/119.png
Serie A,2022,Santos,Goias,0,3,1,2,-1,https://media-1.api-sports.io/football/teams/128.png,https://media-1.api-sports.io/football/teams/151.png
Serie A,2022,Juventude,Avai,1,1,1,1,0,https://media-3.api-sports.io/football/teams/152.png,https://media-2.api-sports.io/football/teams/145.png
Serie A,2022,Fortaleza EC,Botafogo,0,3,1,3,-2,https://media-2.api-sports.io/football/teams/154.png,https://media-3.api-sports.io/football/teams/120.png
Serie A,2022,Atletico Goianiense,Atletico-MG,0,3,0,2,-2,https://media-3.api-sports.io/football/teams/144.png,https://media-2.api-sports.io/football/teams/1062.png
Serie A,2022,Cuiaba,Sao Paulo,1,1,1,1,0,https://media-1.api-sports.io/football/teams/1193.png,https://media-1.api-sports.io/football/teams/126.png
Serie A,2022,Atletico Paranaense,Fluminense,3,0,1,0,1,https://media-1.api-sports.io/football/teams/134.png,https://media-2.api-sports.io/football/teams/124.png
Serie A,2022,Atletico-MG,RB Bragantino,1,1,1,1,0,https://media-2.api-sports.io/football/teams/1062.png,https://media-1.api-sports.io/football/teams/794.png
Serie A,2022,Fluminense,Fortaleza EC,3,0,2,1,1,https://media-1.api-sports.io/football/teams/124.png,https://media-1.api-sports.io/football/teams/154.png
Serie A,2022,Sao Paulo,Corinthians,1,1,1,1,0,https://media-2.api-sports.io/football/teams/126.png,https://media-1.api-sports.io/football/teams/131.png
Serie A,2022,Palmeiras,Juventude,3,0,2,1,1,https://media-2.api-sports.io/football/teams/121.png,https://media-2.api-sports.io/football/teams/152.png
Serie A,2022,Botafogo,America Mineiro,1,1,0,0,0,https://media-2.api-sports.io/football/teams/120.png,https://media-3.api-sports.io/football/teams/125.png
Serie A,2022,Internacional,Cuiaba,3,0,1,0,1,https://media-1.api-sports.io/football/teams/119.png,https://media-2.api-sports.io/football/teams/1193.png
Serie A,2022,Ceara,Santos,3,0,2,1,1,https://media-3.api-sports.io/football/teams/129.png,https://media-3.api-sports.io/football/teams/128.png
Serie A,2022,Goias,Flamengo,1,1,1,1,0,https://media-1.api-sports.io/football/teams/151.png,https://media-2.api-sports.io/football/teams/127.png
Serie A,2022,Avai,Atletico Paranaense,1,1,1,1,0,https://media-2.api-sports.io/football/teams/145.png,https://media-1.api-sports.io/football/teams/134.png
Serie A,2022,Coritiba,Atletico Goianiense,3,0,2,0,2,https://media-1.api-sports.io/football/teams/147.png,https://media-1.api-sports.io/football/teams/144.png
Serie A,2022,America Mineiro,Corinthians,3,0,1,0,1,https://media-2.api-sports.io/football/teams/125.png,https://media-2.api-sports.io/football/teams/131.png
Serie A,2022,Flamengo,Fluminense,0,3,1,2,-1,https://media-3.api-sports.io/football/teams/127.png,https://media-1.api-sports.io/football/teams/124.png
Serie A,2022,RB Bragantino,Goias,1,1,1,1,0,https://media-1.api-sports.io/football/teams/794.png,https://media-2.api-sports.io/football/teams/151.png
Serie A,2022,Palmeiras,Santos,3,0,1,0,1,https://media-2.api-sports.io/football/teams/121.png,https://media-3.api-sports.io/football/teams/128.png
Serie A,2022,Botafogo,Coritiba,3,0,2,0,2,https://media-1.api-sports.io/football/teams/120.png,https://media-3.api-sports.io/football/teams/147.png
Serie A,2022,Juventude,Fortaleza EC,1,1,1,1,0,https://media-2.api-sports.io/football/teams/152.png,https://media-3.api-sports.io/football/teams/154.png
Serie A,2022,Ceara,Sao Paulo,0,3,0,2,-2,https://media-2.api-sports.io/football/teams/129.png,https://media-2.api-sports.io/football/teams/126.png
Serie A,2022,Atletico Goianiense,Internacional,0,3,1,2,-1,https://media-3.api-sports.io/football/teams/144.png,https://media-3.api-sports.io/football/teams/119.png
Serie A,2022,Avai,Atletico-MG,3,0,1,0,1,https://media-1.api-sports.io/football/teams/145.png,https://media-3.api-sports.io/football/teams/1062.png
Serie A,2022,Atletico Paranaense,Cuiaba,1,1,2,2,0,https://media-3.api-sports.io/football/teams/134.png,https://media-1.api-sports.io/football/teams/1193.png
Serie A,2022,Atletico-MG,Palmeiras,0,3,0,1,-1,https://media-1.api-sports.io/football/teams/1062.png,https://media-2.api-sports.io/football/teams/121.png
Serie A,2022,Fluminense,Juventude,3,0,4,0,4,https://media-3.api-sports.io/football/teams/124.png,https://media-2.api-sports.io/football/teams/152.png
Serie A,2022,Sao Paulo,Avai,3,0,4,0,4,https://media-2.api-sports.io/football/teams/126.png,https://media-1.api-sports.io/football/teams/145.png
Serie A,2022,Corinthians,Atletico Goianiense,3,0,2,1,1,https://media-2.api-sports.io/football/teams/131.png,https://media-3.api-sports.io/football/teams/144.png
Serie A,2022,Santos,Atletico Paranaense,3,0,2,0,2,https://media-2.api-sports.io/football/teams/128.png,https://media-2.api-sports.io/football/teams/134.png
Serie A,2022,Internacional,RB Bragantino,1,1,0,0,0,https://media-3.api-sports.io/football/teams/119.png,https://media-1.api-sports.io/football/teams/794.png
Serie A,2022,Fortaleza EC,Flamengo,3,0,3,2,1,https://media-1.api-sports.io/football/teams/154.png,https://media-1.api-sports.io/football/teams/127.png
Serie A,2022,Goias,Botafogo,0,3,0,1,-1,https://media-2.api-sports.io/football/teams/151.png,https://media-1.api-sports.io/football/teams/120.png
Serie A,2022,Cuiaba,America Mineiro,3,0,2,1,1,https://media-3.api-sports.io/football/teams/1193.png,https://media-2.api-sports.io/football/teams/125.png
Serie A,2022,Coritiba,Ceara,3,0,1,0,1,https://media-1.api-sports.io/football/teams/147.png,https://media-1.api-sports.io/football/teams/129.png
Serie A,2022,Atletico-MG,Fluminense,3,0,2,0,2,https://media-3.api-sports.io/football/teams/1062.png,https://media-3.api-sports.io/football/teams/124.png
Serie A,2022,Flamengo,RB Bragantino,3,0,4,1,3,https://media-3.api-sports.io/football/teams/127.png,https://media-3.api-sports.io/football/teams/794.png
Serie A,2022,Sao Paulo,Coritiba,3,0,3,1,2,https://media-3.api-sports.io/football/teams/126.png,https://media-1.api-sports.io/football/teams/147.png
Serie A,2022,Corinthians,Cuiaba,3,0,2,0,2,https://media-3.api-sports.io/football/teams/131.png,https://media-1.api-sports.io/football/teams/1193.png
Serie A,2022,Botafogo,Palmeiras,0,3,1,3,-2,https://media-2.api-sports.io/football/teams/120.png,https://media-1.api-sports.io/football/teams/121.png
Serie A,2022,Internacional,Santos,3,0,1,0,1,https://media-3.api-sports.io/football/teams/119.png,https://media-1.api-sports.io/football/teams/128.png
Serie A,2022,Ceara,America Mineiro,0,3,1,2,-1,https://media-2.api-sports.io/football/teams/129.png,https://media-2.api-sports.io/football/teams/125.png
Serie A,2022,Goias,Fortaleza EC,0,3,0,1,-1,https://media-2.api-sports.io/football/teams/151.png,https://media-3.api-sports.io/football/teams/154.png
Serie A,2022,Avai,Atletico Goianiense,0,3,1,2,-1,https://media-1.api-sports.io/football/teams/145.png,https://media-3.api-sports.io/football/teams/144.png
Serie A,2022,Atletico Paranaense,Juventude,3,0,2,0,2,https://media-2.api-sports.io/football/teams/134.png,https://media-1.api-sports.io/football/teams/152.png
Serie A,2022,America Mineiro,Sao Paulo,0,3,1,2,-1,https://media-2.api-sports.io/football/teams/125.png,https://media-1.api-sports.io/football/teams/126.png
Serie A,2022,Flamengo,Internacional,1,1,0,0,0,https://media-1.api-sports.io/football/teams/127.png,https://media-3.api-sports.io/football/teams/119.png
Serie A,2022,RB Bragantino,Cuiaba,3,0,2,1,1,https://media-3.api-sports.io/football/teams/794.png,https://media-3.api-sports.io/football/teams/1193.png
Serie A,2022,Palmeiras,Coritiba,3,0,4,0,4,https://media-2.api-sports.io/football/teams/121.png,https://media-3.api-sports.io/football/teams/147.png
Serie A,2022,Santos,Atletico-MG,0,3,1,2,-1,https://media-1.api-sports.io/football/teams/128.png,https://media-3.api-sports.io/football/teams/1062.png
Serie A,2022,Juventude,Corinthians,1,1,2,2,0,https://media-1.api-sports.io/football/teams/152.png,https://media-1.api-sports.io/football/teams/131.png
Serie A,2022,Ceara,Goias,1,1,1,1,0,https://media-1.api-sports.io/football/teams/129.png,https://media-1.api-sports.io/football/teams/151.png
Serie A,2022,Atletico Goianiense,Fluminense,3,0,3,2,1,https://media-1.api-sports.io/football/teams/144.png,https://media-1.api-sports.io/football/teams/124.png
Serie A,2022,Avai,Botafogo,0,3,1,2,-1,https://media-2.api-sports.io/football/teams/145.png,https://media-2.api-sports.io/football/teams/120.png
Serie A,2022,Atletico Paranaense,Fortaleza EC,1,1,1,1,0,https://media-2.api-sports.io/football/teams/134.png,https://media-3.api-sports.io/football/teams/154.png
Serie A,2022,Atletico-MG,Ceara,1,1,0,0,0,https://media-1.api-sports.io/football/teams/1062.png,https://media-2.api-sports.io/football/teams/129.png
Serie A,2022,Fluminense,America Mineiro,0,3,0,2,-2,https://media-3.api-sports.io/football/teams/124.png,https://media-3.api-sports.io/football/teams/125.png
Serie A,2022,Sao Paulo,Botafogo,0,3,0,1,-1,https://media-2.api-sports.io/football/teams/126.png,https://media-2.api-sports.io/football/teams/120.png
Serie A,2022,Corinthians,Atletico Paranaense,3,0,2,1,1,https://media-2.api-sports.io/football/teams/131.png,https://media-3.api-sports.io/football/teams/134.png
Serie A,2022,Santos,Juventude,3,0,4,1,3,https://media-3.api-sports.io/football/teams/128.png,https://media-2.api-sports.io/football/teams/152.png
Serie A,2022,Internacional,Goias,3,0,4,2,2,https://media-3.api-sports.io/football/teams/119.png,https://media-1.api-sports.io/football/teams/151.png
Serie A,2022,Fortaleza EC,Avai,3,0,2,0,2,https://media-3.api-sports.io/football/teams/154.png,https://media-1.api-sports.io/football/teams/145.png
Serie A,2022,Atletico Goianiense,Palmeiras,1,1,1,1,0,https://media-1.api-sports.io/football/teams/144.png,https://media-2.api-sports.io/football/teams/121.png
Serie A,2022,Cuiaba,Flamengo,0,3,1,2,-1,https://media-1.api-sports.io/football/teams/1193.png,https://media-2.api-sports.io/football/teams/127.png
Serie A,2022,Coritiba,RB Bragantino,3,0,2,1,1,https://media-2.api-sports.io/football/teams/147.png,https://media-2.api-sports.io/football/teams/794.png
Serie A,2022,America Mineiro,Fortaleza EC,0,3,1,2,-1,https://media-1.api-sports.io/football/teams/125.png,https://media-3.api-sports.io/football/teams/154.png
Serie A,2022,Flamengo,Atletico-MG,3,0,1,0,1,https://media-3.api-sports.io/football/teams/127.png,https://media-3.api-sports.io/football/teams/1062.png
Serie A,2022,RB Bragantino,Santos,0,3,0,2,-2,https://media-3.api-sports.io/football/teams/794.png,https://media-1.api-sports.io/football/teams/128.png
Serie A,2022,Palmeiras,Sao Paulo,1,1,0,0,0,https://media-1.api-sports.io/football/teams/121.png,https://media-1.api-sports.io/football/teams/126.png
Serie A,2022,Botafogo,Internacional,0,3,0,1,-1,https://media-1.api-sports.io/football/teams/120.png,https://media-2.api-sports.io/football/teams/119.png
Serie A,2022,Juventude,Atletico Goianiense,1,1,1,1,0,https://media-2.api-sports.io/football/teams/152.png,https://media-2.api-sports.io/football/teams/144.png
Serie A,2022,Ceara,Cuiaba,1,1,1,1,0,https://media-2.api-sports.io/football/teams/129.png,https://media-2.api-sports.io/football/teams/1193.png
Serie A,2022,Goias,Corinthians,1,1,0,0,0,https://media-2.api-sports.io/football/teams/151.png,https://media-2.api-sports.io/football/teams/131.png
Serie A,2022,Avai,Fluminense,0,3,0,3,-3,https://media-1.api-sports.io/football/teams/145.png,https://media-1.api-sports.io/football/teams/124.png
Serie A,2022,Atletico Paranaense,Coritiba,3,0,1,0,1,https://media-3.api-sports.io/football/teams/134.png,https://media-2.api-sports.io/football/teams/147.png
Serie A,2022,America Mineiro,Flamengo,0,3,1,2,-1,https://media-1.api-sports.io/football/teams/125.png,https://media-2.api-sports.io/football/teams/127.png
Serie A,2022,Fluminense,Botafogo,1,1,2,2,0,https://media-1.api-sports.io/football/teams/124.png,https://media-3.api-sports.io/football/teams/120.png
Serie A,2022,RB Bragantino,Atletico Paranaense,3,0,4,2,2,https://media-1.api-sports.io/football/teams/794.png,https://media-1.api-sports.io/football/teams/134.png
Serie A,2022,Palmeiras,Avai,3,0,3,0,3,https://media-2.api-sports.io/football/teams/121.png,https://media-3.api-sports.io/football/teams/145.png
Serie A,2022,Santos,Corinthians,0,3,0,1,-1,https://media-3.api-sports.io/football/teams/128.png,https://media-3.api-sports.io/football/teams/131.png
Serie A,2022,Juventude,Sao Paulo,0,3,1,2,-1,https://media-1.api-sports.io/football/teams/152.png,https://media-1.api-sports.io/football/teams/126.png
Serie A,2022,Fortaleza EC,Atletico-MG,1,1,0,0,0,https://media-1.api-sports.io/football/teams/154.png,https://media-3.api-sports.io/football/teams/1062.png
Serie A,2022,Atletico Goianiense,Ceara,3,0,1,0,1,https://media-3.api-sports.io/football/teams/144.png,https://media-2.api-sports.io/football/teams/129.png
Serie A,2022,Cuiaba,Goias,0,3,1,2,-1,https://media-2.api-sports.io/football/teams/1193.png,https://media-3.api-sports.io/football/teams/151.png
Serie A,2022,Coritiba,Internacional,1,1,1,1,0,https://media-2.api-sports.io/football/teams/147.png,https://media-3.api-sports.io/football/teams/119.png
Serie A,2022,Atletico-MG,Juventude,3,0,1,0,1,https://media-2.api-sports.io/football/teams/1062.png,https://media-2.api-sports.io/football/teams/152.png
Serie A,2022,Flamengo,Santos,3,0,3,2,1,https://media-3.api-sports.io/football/teams/127.png,https://media-3.api-sports.io/football/teams/128.png
Serie A,2022,Sao Paulo,Atletico Goianiense,3,0,2,1,1,https://media-2.api-sports.io/football/teams/126.png,https://media-3.api-sports.io/football/teams/144.png
Serie A,2022,Corinthians,Fluminense,0,3,0,2,-2,https://media-1.api-sports.io/football/teams/131.png,https://media-1.api-sports.io/football/teams/124.png
Serie A,2022,Botafogo,RB Bragantino,3,0,2,1,1,https://media-2.api-sports.io/football/teams/120.png,https://media-2.api-sports.io/football/teams/794.png
Serie A,2022,Internacional,Ceara,3,0,2,1,1,https://media-3.api-sports.io/football/teams/119.png,https://media-2.api-sports.io/football/teams/129.png
Serie A,2022,Fortaleza EC,Coritiba,3,0,3,1,2,https://media-1.api-sports.io/football/teams/154.png,https://media-3.api-sports.io/football/teams/147.png
Serie A,2022,Goias,America Mineiro,1,1,2,2,0,https://media-1.api-sports.io/football/teams/151.png,https://media-1.api-sports.io/football/teams/125.png
Serie A,2022,Cuiaba,Avai,3,0,1,0,1,https://media-3.api-sports.io/football/teams/1193.png,https://media-1.api-sports.io/football/teams/145.png
Serie A,2022,Atletico Paranaense,Palmeiras,0,3,1,3,-2,https://media-1.api-sports.io/football/teams/134.png,https://media-2.api-sports.io/football/teams/121.png
Serie A,2022,America Mineiro,Internacional,3,0,1,0,1,https://media-2.api-sports.io/football/teams/125.png,https://media-3.api-sports.io/football/teams/119.png
Serie A,2022,Flamengo,Corinthians,0,3,1,2,-1,https://media-2.api-sports.io/football/teams/127.png,https://media-2.api-sports.io/football/teams/131.png
Serie A,2022,Sao Paulo,Atletico-MG,1,1,2,2,0,https://media-3.api-sports.io/football/teams/126.png,https://media-3.api-sports.io/football/teams/1062.png
Serie A,2022,Palmeiras,Fortaleza EC,3,0,4,0,4,https://media-1.api-sports.io/football/teams/121.png,https://media-1.api-sports.io/football/teams/154.png
Serie A,2022,Botafogo,Cuiaba,0,3,0,2,-2,https://media-1.api-sports.io/football/teams/120.png,https://media-1.api-sports.io/football/teams/1193.png
Serie A,2022,Juventude,Coritiba,0,3,0,1,-1,https://media-1.api-sports.io/football/teams/152.png,https://media-2.api-sports.io/football/teams/147.png
Serie A,2022,Ceara,Fluminense,0,3,0,1,-1,https://media-2.api-sports.io/football/teams/129.png,https://media-2.api-sports.io/football/teams/124.png
Serie A,2022,Atletico Goianiense,Santos,0,3,2,3,-1,https://media-3.api-sports.io/football/teams/144.png,https://media-3.api-sports.io/football/teams/128.png
Serie A,2022,Avai,RB Bragantino,0,3,1,2,-1,https://media-3.api-sports.io/football/teams/145.png,https://media-1.api-sports.io/football/teams/794.png
Serie A,2022,Atletico Paranaense,Goias,3,0,3,2,1,https://media-3.api-sports.io/football/teams/134.png,https://media-1.api-sports.io/football/teams/151.png
Serie A,2022,Atletico-MG,Botafogo,0,3,0,2,-2,https://media-3.api-sports.io/football/teams/1062.png,https://media-1.api-sports.io/football/teams/120.png
Serie A,2022,Fluminense,Sao Paulo,3,0,3,1,2,https://media-3.api-sports.io/football/teams/124.png,https://media-3.api-sports.io/football/teams/126.png
Serie A,2022,RB Bragantino,America Mineiro,0,3,1,4,-3,https://media-3.api-sports.io/football/teams/794.png,https://media-1.api-sports.io/football/teams/125.png
Serie A,2022,Corinthians,Ceara,3,0,1,0,1,https://media-2.api-sports.io/football/teams/131.png,https://media-3.api-sports.io/football/teams/129.png
Serie A,2022,Santos,Avai,1,1,1,1,0,https://media-2.api-sports.io/football/teams/128.png,https://media-1.api-sports.io/football/teams/145.png
Serie A,2022,Internacional,Atletico Paranaense,3,0,2,0,2,https://media-1.api-sports.io/football/teams/119.png,https://media-3.api-sports.io/football/teams/134.png
Serie A,2022,Fortaleza EC,Atletico Goianiense,1,1,1,1,0,https://media-1.api-sports.io/football/teams/154.png,https://media-2.api-sports.io/football/teams/144.png
Serie A,2022,Goias,Juventude,3,0,1,0,1,https://media-2.api-sports.io/football/teams/151.png,https://media-1.api-sports.io/football/teams/152.png
Serie A,2022,Cuiaba,Palmeiras,1,1,1,1,0,https://media-2.api-sports.io/football/teams/1193.png,https://media-2.api-sports.io/football/teams/121.png
Serie A,2022,Coritiba,Flamengo,3,0,1,0,1,https://media-3.api-sports.io/football/teams/147.png,https://media-3.api-sports.io/football/teams/127.png
Serie A,2022,Atletico-MG,Cuiaba,3,0,3,0,3,https://media-1.api-sports.io/football/teams/1062.png,https://media-3.api-sports.io/football/teams/1193.png
Serie A,2022,Fluminense,Goias,3,0,3,0,3,https://media-1.api-sports.io/football/teams/124.png,https://media-1.api-sports.io/football/teams/151.png
Serie A,2022,Sao Paulo,Internacional,0,3,0,1,-1,https://media-3.api-sports.io/football/teams/126.png,https://media-2.api-sports.io/football/teams/119.png
Serie A,2022,Palmeiras,America Mineiro,3,0,2,1,1,https://media-3.api-sports.io/football/teams/121.png,https://media-2.api-sports.io/football/teams/125.png
Serie A,2022,Botafogo,Santos,3,0,3,0,3,https://media-3.api-sports.io/football/teams/120.png,https://media-1.api-sports.io/football/teams/128.png
Serie A,2022,Juventude,Flamengo,1,1,2,2,0,https://media-2.api-sports.io/football/teams/152.png,https://media-2.api-sports.io/football/teams/127.png
Serie A,2022,Fortaleza EC,RB Bragantino,3,0,6,0,6,https://media-2.api-sports.io/football/teams/154.png,https://media-2.api-sports.io/football/teams/794.png
Serie A,2022,Atletico Goianiense,Atletico Paranaense,1,1,1,1,0,https://media-1.api-sports.io/football/teams/144.png,https://media-2.api-sports.io/football/teams/134.png
Serie A,2022,Avai,Ceara,3,0,2,0,2,https://media-3.api-sports.io/football/teams/145.png,https://media-3.api-sports.io/football/teams/129.png
Serie A,2022,Coritiba,Corinthians,1,1,2,2,0,https://media-3.api-sports.io/football/teams/147.png,https://media-1.api-sports.io/football/teams/131.png
Serie A,2022,America Mineiro,Atletico Goianiense,1,1,1,1,0,https://media-3.api-sports.io/football/teams/125.png,https://media-2.api-sports.io/football/teams/144.png
Serie A,2022,Flamengo,Avai,0,3,1,2,-1,https://media-2.api-sports.io/football/teams/127.png,https://media-2.api-sports.io/football/teams/145.png
Serie A,2022,RB Bragantino,Fluminense,0,3,0,1,-1,https://media-3.api-sports.io/football/teams/794.png,https://media-3.api-sports.io/football/teams/124.png
Serie A,2022,Corinthians,Atletico-MG,0,3,0,1,-1,https://media-3.api-sports.io/football/teams/131.png,https://media-3.api-sports.io/football/teams/1062.png
Serie A,2022,Santos,Fortaleza EC,0,3,0,2,-2,https://media-1.api-sports.io/football/teams/128.png,https://media-3.api-sports.io/football/teams/154.png
Serie A,2022,Internacional,Palmeiras,3,0,3,0,3,https://media-3.api-sports.io/football/teams/119.png,https://media-1.api-sports.io/football/teams/121.png
Serie A,2022,Ceara,Juventude,3,0,4,1,3,https://media-2.api-sports.io/football/teams/129.png,https://media-3.api-sports.io/football/teams/152.png
Serie A,2022,Goias,Sao Paulo,0,3,0,4,-4,https://media-2.api-sports.io/football/teams/151.png,https://media-3.api-sports.io/football/teams/126.png
Serie A,2022,Cuiaba,Coritiba,3,0,2,1,1,https://media-1.api-sports.io/football/teams/1193.png,https://media-3.api-sports.io/football/teams/147.png
Serie A,2022,Atletico Paranaense,Botafogo,3,0,3,0,3,https://media-3.api-sports.io/football/teams/134.png,https://media-1.api-sports.io/football/teams/120.png
