country,city_actual,center1label,center2label,neighbourhood,price,city,stars,ratingta,ratingta_count,accommodationtype,scarce_room,hotel_id,offer,offer_cat,year,month,weekend,holiday,distance,distance_alter,accommodation_type,nnight,rating,rating_count,misrating
Austria,Vienna,City centre,Donauturm,17. Hernals,81,Vienna,4.0,3.5,708.0,_ACCOM_TYPE@Hotel,0,21897,1,1-15% offer,2017,11,0,0,1.7,3.8,Hotel,1,3.9,189.0,False
Austria,Vienna,City centre,Donauturm,Alsergrund,85,Vienna,4.0,3.5,629.0,_ACCOM_TYPE@Hotel,0,21901,1,15-50% offer,2017,11,0,0,1.4,2.5,Hotel,1,3.7,53.0,False
Austria,Vienna,City centre,Donauturm,Alsergrund,83,Vienna,3.0,4.0,52.0,_ACCOM_TYPE@Hotel,0,21902,1,15-50% offer,2017,11,0,0,1.7,2.5,Hotel,1,4.0,55.0,False
Austria,Vienna,City centre,Donauturm,Alsergrund,82,Vienna,4.0,3.5,219.0,_ACCOM_TYPE@Hotel,1,21903,1,15-50% offer,2017,11,0,0,1.2,2.8,Hotel,1,3.9,33.0,False
Austria,Vienna,City centre,Donauturm,Alsergrund,103,Vienna,4.0,3.5,251.0,_ACCOM_TYPE@Hotel,1,21906,0,0% no offer,2017,11,0,0,0.9,2.4,Hotel,1,3.9,57.0,False
Austria,Vienna,City centre,Donauturm,Alsergrund,150,Vienna,4.0,4.5,617.0,_ACCOM_TYPE@Hotel,0,21907,0,0% no offer,2017,11,0,0,1.0,2.7,Hotel,1,4.6,161.0,False
Austria,Vienna,City centre,Donauturm,Alsergrund,80,Vienna,2.0,3.5,146.0,_ACCOM_TYPE@Hotel,1,21908,1,1-15% offer,2017,11,0,0,0.7,2.7,Hotel,1,3.5,50.0,False
Austria,Vienna,City centre,Donauturm,Alsergrund,60,Vienna,4.0,4.0,359.0,_ACCOM_TYPE@Hotel,1,21912,1,1-15% offer,2017,11,0,0,1.1,2.7,Hotel,1,4.1,203.0,False
Austria,Vienna,City centre,Donauturm,Alsergrund,128,Vienna,4.0,4.0,829.0,_ACCOM_TYPE@Hotel,0,21913,0,0% no offer,2017,11,0,0,0.8,2.9,Hotel,1,4.0,251.0,False
Austria,Vienna,City centre,Donauturm,Alsergrund,85,Vienna,4.0,4.0,62.0,_ACCOM_TYPE@Hotel,0,21917,1,1-15% offer,2017,11,0,0,1.7,2.6,Hotel,1,4.1,18.0,False
Austria,Vienna,City centre,Donauturm,Alsergrund,77,Vienna,3.0,3.5,97.0,_ACCOM_TYPE@Hotel,0,21918,1,15-50% offer,2017,11,0,0,0.9,2.8,Hotel,1,3.7,20.0,False
Austria,Vienna,City centre,Donauturm,Alsergrund,78,Vienna,3.0,3.5,120.0,_ACCOM_TYPE@Hotel,1,21919,1,15-50% offer,2017,11,0,0,0.8,2.8,Hotel,1,3.9,77.0,False
Austria,Vienna,City centre,Donauturm,Alsergrund,78,Vienna,3.0,3.5,161.0,_ACCOM_TYPE@Hotel,1,21920,0,0% no offer,2017,11,0,0,0.9,2.8,Hotel,1,4.0,76.0,False
Austria,Vienna,City centre,Donauturm,Donaustadt,77,Vienna,3.0,4.0,158.0,_ACCOM_TYPE@Hotel,1,21924,0,0% no offer,2017,11,0,0,4.2,1.5,Hotel,1,3.9,77.0,False
Austria,Vienna,City centre,Donauturm,Donaustadt,77,Vienna,3.0,3.0,91.0,_ACCOM_TYPE@Hotel,0,21925,1,50%-75% offer,2017,11,0,0,3.9,1.9,Hotel,1,2.7,193.0,False
Austria,Vienna,City centre,Donauturm,Donaustadt,95,Vienna,4.0,4.0,228.0,_ACCOM_TYPE@Hotel,0,21926,1,15-50% offer,2017,11,0,0,3.6,1.2,Hotel,1,4.3,94.0,False
Austria,Vienna,City centre,Donauturm,Donaustadt,208,Vienna,4.0,4.0,1085.0,_ACCOM_TYPE@Hotel,1,21930,0,0% no offer,2017,11,0,0,2.9,0.6,Hotel,1,4.1,178.0,False
Austria,Vienna,City centre,Donauturm,Donaustadt,87,Vienna,3.0,3.5,423.0,_ACCOM_TYPE@Hotel,1,21933,0,0% no offer,2017,11,0,0,3.4,0.9,Hotel,1,3.7,330.0,False
Austria,Vienna,City centre,Donauturm,Favoriten,54,Vienna,3.0,4.0,522.0,_ACCOM_TYPE@Hotel,0,21935,1,50%-75% offer,2017,11,0,0,2.0,4.5,Hotel,1,3.5,194.0,False
Austria,Vienna,City centre,Donauturm,Favoriten,99,Vienna,3.5,4.5,630.0,_ACCOM_TYPE@Hotel,0,21940,0,0% no offer,2017,11,0,0,1.7,4.2,Hotel,1,4.4,441.0,False
Austria,Vienna,City centre,Donauturm,Favoriten,75,Vienna,3.5,4.5,573.0,_ACCOM_TYPE@Hotel,0,21941,1,15-50% offer,2017,11,0,0,1.7,4.1,Hotel,1,4.4,1122.0,False
Austria,Vienna,City centre,Donauturm,Favoriten,76,Vienna,3.0,4.0,269.0,_ACCOM_TYPE@Hotel,0,21943,1,15-50% offer,2017,11,0,0,2.1,4.6,Hotel,1,4.4,362.0,False
Austria,Vienna,City centre,Donauturm,Favoriten,91,Vienna,4.0,4.5,741.0,_ACCOM_TYPE@Hotel,0,21946,0,0% no offer,2017,11,0,0,1.9,4.2,Hotel,1,4.5,525.0,False
Austria,Vienna,City centre,Donauturm,Favoriten,56,Vienna,2.0,3.0,183.0,_ACCOM_TYPE@Hotel,1,21948,0,0% no offer,2017,11,0,0,2.0,4.5,Hotel,1,2.0,113.0,False
Austria,Vienna,City centre,Donauturm,Favoriten,33,Vienna,2.0,3.5,491.0,_ACCOM_TYPE@Hotel,0,21956,0,0% no offer,2017,11,0,0,1.8,4.3,Hotel,1,3.4,366.0,False
Austria,Vienna,City centre,Donauturm,Favoriten,71,Vienna,4.0,4.0,31.0,_ACCOM_TYPE@Hotel,0,21959,1,1-15% offer,2017,11,0,0,1.7,4.2,Hotel,1,4.0,821.0,False
Austria,Fischamend,City centre,Donauturm,Fischamend,59,Vienna,3.0,2.5,243.0,_ACCOM_TYPE@Hotel,0,21964,1,15-50% offer,2017,11,0,0,13.0,13.0,Hotel,1,3.0,366.0,False
Austria,Vienna,City centre,Donauturm,Graben,113,Vienna,3.0,4.0,259.0,_ACCOM_TYPE@Hotel,0,21965,1,15-50% offer,2017,11,0,0,0.2,2.9,Hotel,1,4.4,77.0,False
Austria,Vienna,City centre,Donauturm,Graben,299,Vienna,5.0,4.5,702.0,_ACCOM_TYPE@Hotel,1,21967,1,50%-75% offer,2017,11,0,0,0.1,2.8,Hotel,1,4.5,144.0,False
Austria,Vienna,City centre,Donauturm,Innere Stadt,156,Vienna,3.0,4.5,1347.0,_ACCOM_TYPE@Hotel,1,21968,1,1-15% offer,2017,11,0,0,0.3,2.6,Hotel,1,4.5,184.0,False
Austria,Vienna,City centre,Donauturm,Innere Stadt,513,Vienna,5.0,5.0,1126.0,_ACCOM_TYPE@Hotel,1,21969,1,15-50% offer,2017,11,0,0,0.3,2.8,Hotel,1,4.8,78.0,False
Austria,Vienna,City centre,Donauturm,Innere Stadt,133,Vienna,4.0,4.0,466.0,_ACCOM_TYPE@Hotel,1,21970,1,15-50% offer,2017,11,0,0,0.3,2.6,Hotel,1,4.3,319.0,False
Austria,Vienna,City centre,Donauturm,Innere Stadt,123,Vienna,4.0,3.5,47.0,_ACCOM_TYPE@Hotel,1,21971,1,15-50% offer,2017,11,0,0,0.5,3.1,Hotel,1,4.1,73.0,False
Austria,Vienna,City centre,Donauturm,Innere Stadt,219,Vienna,4.0,4.5,392.0,_ACCOM_TYPE@Hotel,1,21972,1,1-15% offer,2017,11,0,0,0.3,3.0,Hotel,1,4.5,81.0,False
Austria,Vienna,City centre,Donauturm,Innere Stadt,152,Vienna,4.0,4.0,261.0,_ACCOM_TYPE@Hotel,0,21973,1,15-50% offer,2017,11,0,0,0.3,3.0,Hotel,1,4.3,271.0,False
Austria,Vienna,City centre,Donauturm,Innere Stadt,115,Vienna,4.0,4.5,211.0,_ACCOM_TYPE@Hotel,1,21975,1,15-50% offer,2017,11,0,0,0.1,2.7,Hotel,1,4.3,211.0,False
Austria,Vienna,City centre,Donauturm,Innere Stadt,806,Vienna,5.0,4.5,114.0,_ACCOM_TYPE@Hotel,0,21976,1,15-50% offer,2017,11,0,0,0.3,2.8,Hotel,1,4.5,5.0,False
Austria,Vienna,City centre,Donauturm,Innere Stadt,138,Vienna,4.0,4.5,463.0,_ACCOM_TYPE@Hotel,0,21977,1,15-50% offer,2017,11,0,0,0.2,2.6,Hotel,1,4.5,316.0,False
Austria,Vienna,City centre,Donauturm,Innere Stadt,146,Vienna,4.0,4.0,714.0,_ACCOM_TYPE@Hotel,0,21980,0,0% no offer,2017,11,0,0,0.1,2.9,Hotel,1,4.4,336.0,False
Austria,Vienna,City centre,Donauturm,Innere Stadt,98,Vienna,3.0,3.5,66.0,_ACCOM_TYPE@Hotel,1,21984,0,0% no offer,2017,11,0,0,0.5,2.6,Hotel,1,3.7,88.0,False
Austria,Vienna,City centre,Donauturm,Innere Stadt,121,Vienna,3.5,4.5,557.0,_ACCOM_TYPE@Hotel,1,21985,1,15-50% offer,2017,11,0,0,0.3,2.5,Hotel,1,4.5,140.0,False
Austria,Vienna,City centre,Donauturm,Innere Stadt,149,Vienna,4.0,4.0,1516.0,_ACCOM_TYPE@Hotel,0,21986,1,1-15% offer,2017,11,0,0,0.2,2.6,Hotel,1,4.0,391.0,False
Austria,Vienna,City centre,Donauturm,Innere Stadt,120,Vienna,3.0,3.5,515.0,_ACCOM_TYPE@Hotel,0,21987,1,1-15% offer,2017,11,0,0,0.3,2.5,Hotel,1,3.9,320.0,False
Austria,Vienna,City centre,Donauturm,Innere Stadt,157,Vienna,3.0,4.5,146.0,_ACCOM_TYPE@Hotel,1,21988,1,1-15% offer,2017,11,0,0,0.4,2.9,Hotel,1,4.4,21.0,False
Austria,Vienna,City centre,Donauturm,Innere Stadt,261,Vienna,5.0,5.0,945.0,_ACCOM_TYPE@Hotel,1,21989,1,15-50% offer,2017,11,0,0,0.3,3.1,Hotel,1,4.8,193.0,False
Austria,Vienna,City centre,Donauturm,Innere Stadt,112,Vienna,4.0,4.0,607.0,_ACCOM_TYPE@Hotel,0,21995,1,15-50% offer,2017,11,0,0,0.2,2.9,Hotel,1,4.0,505.0,False
Austria,Vienna,City centre,Donauturm,Innere Stadt,138,Vienna,4.0,4.0,273.0,_ACCOM_TYPE@Hotel,0,21996,1,15-50% offer,2017,11,0,0,0.3,2.5,Hotel,1,4.3,386.0,False
Austria,Vienna,City centre,Donauturm,Innere Stadt,199,Vienna,4.5,4.5,3171.0,_ACCOM_TYPE@Hotel,0,21998,1,50%-75% offer,2017,11,0,0,0.3,2.9,Hotel,1,4.5,626.0,False
Austria,Vienna,City centre,Donauturm,Innere Stadt,203,Vienna,5.0,4.5,917.0,_ACCOM_TYPE@Hotel,0,21999,1,15-50% offer,2017,11,0,0,0.3,2.9,Hotel,1,4.4,334.0,False
Austria,Vienna,City centre,Donauturm,Innere Stadt,544,Vienna,5.0,4.5,1178.0,_ACCOM_TYPE@Hotel,0,22006,0,0% no offer,2017,11,0,0,0.5,3.2,Hotel,1,4.8,150.0,False
Austria,Vienna,City centre,Donauturm,Innere Stadt,252,Vienna,5.0,4.5,1050.0,_ACCOM_TYPE@Hotel,0,22007,1,1-15% offer,2017,11,0,0,0.5,3.2,Hotel,1,4.6,531.0,False
Austria,Vienna,City centre,Donauturm,Innere Stadt,323,Vienna,5.0,4.5,1168.0,_ACCOM_TYPE@Hotel,0,22008,1,15-50% offer,2017,11,0,0,0.5,3.2,Hotel,1,4.5,253.0,False
Austria,Vienna,City centre,Donauturm,Innere Stadt,158,Vienna,3.0,4.0,232.0,_ACCOM_TYPE@Hotel,1,22009,0,0% no offer,2017,11,0,0,0.3,3.1,Hotel,1,4.3,47.0,False
Austria,Vienna,City centre,Donauturm,Innere Stadt,218,Vienna,4.0,5.0,1112.0,_ACCOM_TYPE@Hotel,1,22011,1,50%-75% offer,2017,11,0,0,0.2,2.6,Hotel,1,4.6,124.0,False
Austria,Vienna,City centre,Donauturm,Innere Stadt,218,Vienna,4.0,4.5,475.0,_ACCOM_TYPE@Hotel,0,22012,1,15-50% offer,2017,11,0,0,0.1,2.7,Hotel,1,4.5,115.0,False
Austria,Vienna,City centre,Donauturm,Innere Stadt,135,Vienna,3.0,3.5,162.0,_ACCOM_TYPE@Hotel,0,22013,1,15-50% offer,2017,11,0,0,0.3,2.6,Hotel,1,3.9,110.0,False
Austria,Vienna,City centre,Donauturm,Innere Stadt,179,Vienna,4.0,4.5,423.0,_ACCOM_TYPE@Hotel,1,22016,0,0% no offer,2017,11,0,0,0.5,3.3,Hotel,1,4.4,467.0,False
Austria,Vienna,City centre,Donauturm,Innere Stadt,157,Vienna,4.0,4.5,1380.0,_ACCOM_TYPE@Hotel,0,22018,1,1-15% offer,2017,11,0,0,0.7,3.5,Hotel,1,4.5,650.0,False
Austria,Vienna,City centre,Donauturm,Innere Stadt,146,Vienna,4.0,4.5,770.0,_ACCOM_TYPE@Hotel,1,22019,0,0% no offer,2017,11,0,0,0.3,2.8,Hotel,1,4.5,95.0,False
Austria,Vienna,City centre,Donauturm,Innere Stadt,200,Vienna,5.0,4.0,1850.0,_ACCOM_TYPE@Hotel,0,22020,1,15-50% offer,2017,11,0,0,0.4,2.9,Hotel,1,4.3,564.0,False
Austria,Vienna,City centre,Donauturm,Innere Stadt,157,Vienna,4.0,4.0,392.0,_ACCOM_TYPE@Hotel,1,22021,0,0% no offer,2017,11,0,0,0.1,2.8,Hotel,1,4.1,168.0,False
Austria,Vienna,City centre,Donauturm,Innere Stadt,108,Vienna,3.0,3.5,234.0,_ACCOM_TYPE@Hotel,1,22023,1,15-50% offer,2017,11,0,0,0.3,2.5,Hotel,1,3.5,175.0,False
Austria,Vienna,City centre,Donauturm,Innere Stadt,127,Vienna,4.0,4.0,840.0,_ACCOM_TYPE@Hotel,0,22026,1,15-50% offer,2017,11,0,0,0.8,3.1,Hotel,1,4.0,426.0,False
Austria,Vienna,City centre,Donauturm,Innere Stadt,163,Vienna,4.0,4.0,388.0,_ACCOM_TYPE@Hotel,1,22028,0,0% no offer,2017,11,0,0,0.4,2.7,Hotel,1,4.1,148.0,False
Austria,Vienna,City centre,Donauturm,Innere Stadt,226,Vienna,5.0,4.5,2985.0,_ACCOM_TYPE@Hotel,0,22030,1,15-50% offer,2017,11,0,0,0.5,3.3,Hotel,1,4.3,493.0,False
Austria,Vienna,City centre,Donauturm,Innere Stadt,231,Vienna,4.0,4.5,282.0,_ACCOM_TYPE@Hotel,0,22031,1,15-50% offer,2017,11,0,0,0.1,2.7,Hotel,1,4.4,56.0,False
Austria,Vienna,City centre,Donauturm,Innere Stadt,116,Vienna,4.0,4.5,1274.0,_ACCOM_TYPE@Hotel,1,22032,1,15-50% offer,2017,11,0,0,0.4,2.6,Hotel,1,4.4,247.0,False
Austria,Vienna,City centre,Donauturm,Innere Stadt,184,Vienna,5.0,4.5,1330.0,_ACCOM_TYPE@Hotel,0,22035,1,15-50% offer,2017,11,0,0,0.6,2.7,Hotel,1,4.5,599.0,False
Austria,Vienna,City centre,Donauturm,Innere Stadt,384,Vienna,5.0,5.0,1207.0,_ACCOM_TYPE@Hotel,0,22036,1,15-50% offer,2017,11,0,0,0.6,2.5,Hotel,1,4.8,258.0,False
Austria,Vienna,City centre,Donauturm,Innere Stadt,166,Vienna,4.0,4.0,1592.0,_ACCOM_TYPE@Hotel,1,22037,1,15-50% offer,2017,11,0,0,0.6,2.8,Hotel,1,4.3,703.0,False
Austria,Vienna,City centre,Donauturm,Innere Stadt,187,Vienna,5.0,4.0,468.0,_ACCOM_TYPE@Hotel,0,22038,1,15-50% offer,2017,11,0,0,0.5,3.1,Hotel,1,4.1,230.0,False
Austria,Vienna,City centre,Donauturm,Innere Stadt,371,Vienna,5.0,4.5,1319.0,_ACCOM_TYPE@Hotel,0,22039,1,1-15% offer,2017,11,0,0,0.5,3.1,Hotel,1,4.6,112.0,False
Austria,Vienna,City centre,Donauturm,Innere Stadt,169,Vienna,4.0,4.5,561.0,_ACCOM_TYPE@Hotel,1,22042,0,0% no offer,2017,11,0,0,0.3,2.5,Hotel,1,4.5,81.0,False
Austria,Vienna,City centre,Donauturm,Innere Stadt,242,Vienna,4.0,4.5,2165.0,_ACCOM_TYPE@Hotel,0,22050,1,1-15% offer,2017,11,0,0,0.0,2.8,Hotel,1,4.8,404.0,False
Austria,Vienna,City centre,Donauturm,Innere Stadt,223,Vienna,4.0,3.5,276.0,_ACCOM_TYPE@Hotel,1,22051,0,0% no offer,2017,11,0,0,0.5,2.4,Hotel,1,3.5,123.0,False
Austria,Vienna,City centre,Donauturm,Innere Stadt,149,Vienna,4.0,4.5,930.0,_ACCOM_TYPE@Hotel,1,22052,1,15-50% offer,2017,11,0,0,0.3,2.7,Hotel,1,4.4,653.0,False
Austria,Vienna,City centre,Donauturm,Innere Stadt,114,Vienna,4.0,4.0,836.0,_ACCOM_TYPE@Hotel,0,22054,1,15-50% offer,2017,11,0,0,0.5,2.3,Hotel,1,4.0,388.0,False
Austria,Vienna,City centre,Donauturm,Innere Stadt,139,Vienna,4.0,3.5,54.0,_ACCOM_TYPE@Hotel,1,22061,1,1-15% offer,2017,11,0,0,0.2,2.9,Hotel,1,3.5,34.0,False
Austria,Vienna,City centre,Donauturm,Josefstadt,79,Vienna,3.0,3.5,127.0,_ACCOM_TYPE@Hotel,1,22064,1,1-15% offer,2017,11,0,0,1.4,3.6,Hotel,1,3.5,102.0,False
Austria,Vienna,City centre,Donauturm,Josefstadt,127,Vienna,5.0,4.0,876.0,_ACCOM_TYPE@Hotel,1,22069,1,1-15% offer,2017,11,0,0,0.8,3.4,Hotel,1,4.1,298.0,False
Austria,Vienna,City centre,Donauturm,Josefstadt,110,Vienna,3.0,4.0,419.0,_ACCOM_TYPE@Hotel,0,22071,1,15-50% offer,2017,11,0,0,0.9,3.4,Hotel,1,4.1,354.0,False
Austria,Vienna,City centre,Donauturm,Josefstadt,88,Vienna,3.0,4.0,509.0,_ACCOM_TYPE@Hotel,1,22072,1,15-50% offer,2017,11,0,0,0.9,3.3,Hotel,1,4.4,92.0,False
Austria,Vienna,City centre,Donauturm,Josefstadt,59,Vienna,3.0,4.0,967.0,_ACCOM_TYPE@Hotel,1,22075,1,50%-75% offer,2017,11,0,0,1.6,3.7,Hotel,1,3.9,128.0,False
Austria,Vienna,City centre,Donauturm,Josefstadt,119,Vienna,4.0,4.0,1358.0,_ACCOM_TYPE@Hotel,0,22076,1,1-15% offer,2017,11,0,0,0.9,3.4,Hotel,1,4.0,530.0,False
Austria,Vienna,City centre,Donauturm,Josefstadt,152,Vienna,4.0,4.0,1461.0,_ACCOM_TYPE@Hotel,0,22077,1,1-15% offer,2017,11,0,0,0.9,3.4,Hotel,1,4.3,342.0,False
Austria,Vienna,City centre,Donauturm,Josefstadt,102,Vienna,4.0,4.0,346.0,_ACCOM_TYPE@Hotel,0,22078,1,1-15% offer,2017,11,0,0,1.0,3.4,Hotel,1,4.0,194.0,False
Austria,Vienna,City centre,Donauturm,Josefstadt,54,Vienna,3.0,3.0,85.0,_ACCOM_TYPE@Hotel,1,22080,1,15-50% offer,2017,11,0,0,1.1,3.4,Hotel,1,3.2,63.0,False
Austria,Vienna,City centre,Donauturm,Josefstadt,75,Vienna,2.0,4.5,304.0,_ACCOM_TYPE@Hotel,1,22082,1,15-50% offer,2017,11,0,0,0.9,3.5,Hotel,1,4.0,84.0,False
Austria,Vienna,City centre,Donauturm,Josefstadt,73,Vienna,2.0,4.0,103.0,_ACCOM_TYPE@Hotel,1,22083,1,1-15% offer,2017,11,0,0,0.9,3.5,Hotel,1,3.9,30.0,False
Austria,Vienna,City centre,Donauturm,Josefstadt,94,Vienna,3.0,4.0,452.0,_ACCOM_TYPE@Hotel,1,22084,1,15-50% offer,2017,11,0,0,1.0,3.4,Hotel,1,4.1,169.0,False
Austria,Vienna,City centre,Donauturm,Josefstadt,115,Vienna,4.0,4.5,2150.0,_ACCOM_TYPE@Hotel,0,22088,1,15-50% offer,2017,11,0,0,0.9,3.5,Hotel,1,4.5,765.0,False
Austria,Vienna,City centre,Donauturm,Josefstadt,68,Vienna,3.0,3.5,182.0,_ACCOM_TYPE@Hotel,1,22090,1,15-50% offer,2017,11,0,0,0.9,3.2,Hotel,1,3.7,43.0,False
Austria,Vienna,City centre,Donauturm,Kaerntner Strasse,354,Vienna,5.0,4.5,1504.0,_ACCOM_TYPE@Hotel,0,22092,1,1-15% offer,2017,11,0,0,0.4,3.2,Hotel,1,4.5,78.0,False
Austria,Vienna,City centre,Donauturm,Kaerntner Strasse,153,Vienna,4.0,4.0,700.0,_ACCOM_TYPE@Hotel,1,22093,1,15-50% offer,2017,11,0,0,0.2,3.0,Hotel,1,4.1,184.0,False
Austria,Vienna,City centre,Donauturm,Kaerntner Strasse,202,Vienna,5.0,4.0,615.0,_ACCOM_TYPE@Hotel,1,22094,1,15-50% offer,2017,11,0,0,0.2,3.0,Hotel,1,4.3,276.0,False
Austria,Vienna,City centre,Donauturm,Kaerntner Strasse,169,Vienna,4.0,4.0,760.0,_ACCOM_TYPE@Hotel,1,22095,1,1-15% offer,2017,11,0,0,0.3,3.1,Hotel,1,4.1,313.0,False
Austria,Vienna,City centre,Donauturm,Kaerntner Strasse,182,Vienna,4.0,4.5,327.0,_ACCOM_TYPE@Hotel,0,22097,1,1-15% offer,2017,11,0,0,0.5,3.3,Hotel,1,4.5,323.0,False
Austria,Vienna,City centre,Donauturm,Kaerntner Strasse,527,Vienna,5.0,5.0,1748.0,_ACCOM_TYPE@Hotel,1,22100,1,1-15% offer,2017,11,0,0,0.4,3.1,Hotel,1,4.8,140.0,False
Austria,Vienna,City centre,Donauturm,Kaerntner Strasse,142,Vienna,4.0,4.0,837.0,_ACCOM_TYPE@Hotel,0,22101,1,15-50% offer,2017,11,0,0,0.1,2.8,Hotel,1,4.4,512.0,False
Austria,Vienna,City centre,Donauturm,Landstrasse,110,Vienna,4.0,4.5,2718.0,_ACCOM_TYPE@Hotel,0,22104,1,1-15% offer,2017,11,0,0,0.6,3.2,Hotel,1,4.3,340.0,False
Austria,Vienna,City centre,Donauturm,Landstrasse,177,Vienna,5.0,4.0,2015.0,_ACCOM_TYPE@Hotel,0,22114,1,50%-75% offer,2017,11,0,0,0.5,3.0,Hotel,1,4.3,152.0,False
Austria,Vienna,City centre,Donauturm,Landstrasse,82,Vienna,4.0,4.0,395.0,_ACCOM_TYPE@Hotel,0,22117,1,15-50% offer,2017,11,0,0,1.4,3.1,Hotel,1,4.0,181.0,False
Austria,Vienna,City centre,Donauturm,Landstrasse,82,Vienna,4.0,4.0,717.0,_ACCOM_TYPE@Hotel,1,22118,1,1-15% offer,2017,11,0,0,1.7,3.3,Hotel,1,4.1,359.0,False
Austria,Vienna,City centre,Donauturm,Landstrasse,66,Vienna,3.0,3.5,203.0,_ACCOM_TYPE@Hotel,0,22119,1,15-50% offer,2017,11,0,0,1.8,3.4,Hotel,1,3.9,160.0,False
Austria,Vienna,City centre,Donauturm,Landstrasse,169,Vienna,4.0,4.0,1208.0,_ACCOM_TYPE@Hotel,0,22120,0,0% no offer,2017,11,0,0,0.8,2.7,Hotel,1,4.1,303.0,False
Austria,Vienna,City centre,Donauturm,Landstrasse,109,Vienna,4.0,4.0,666.0,_ACCOM_TYPE@Hotel,0,22123,0,0% no offer,2017,11,0,0,1.5,3.8,Hotel,1,4.1,173.0,False
Austria,Vienna,City centre,Donauturm,Landstrasse,104,Vienna,3.0,3.0,72.0,_ACCOM_TYPE@Hotel,1,22125,0,0% no offer,2017,11,0,0,0.7,2.6,Hotel,1,3.4,114.0,False
Austria,Vienna,City centre,Donauturm,Landstrasse,145,Vienna,3.5,4.5,730.0,_ACCOM_TYPE@Hotel,0,22126,1,15-50% offer,2017,11,0,0,0.9,2.5,Hotel,1,4.3,249.0,False
Austria,Vienna,City centre,Donauturm,Landstrasse,85,Vienna,3.0,3.5,183.0,_ACCOM_TYPE@Hotel,1,22130,1,50%-75% offer,2017,11,0,0,0.8,2.1,Hotel,1,3.5,13.0,False
Austria,Vienna,City centre,Donauturm,Landstrasse,137,Vienna,4.5,4.0,1060.0,_ACCOM_TYPE@Hotel,0,22132,1,15-50% offer,2017,11,0,0,1.0,3.3,Hotel,1,4.1,497.0,False
Austria,Vienna,City centre,Donauturm,Landstrasse,116,Vienna,4.5,4.5,1591.0,_ACCOM_TYPE@Hotel,0,22134,1,1-15% offer,2017,11,0,0,1.1,3.3,Hotel,1,4.5,503.0,False
Austria,Vienna,City centre,Donauturm,Landstrasse,110,Vienna,3.0,3.5,529.0,_ACCOM_TYPE@Hotel,1,22136,0,0% no offer,2017,11,0,0,1.3,3.3,Hotel,1,3.7,109.0,False
Austria,Vienna,City centre,Donauturm,Landstrasse,134,Vienna,4.0,4.5,343.0,_ACCOM_TYPE@Hotel,1,22138,1,15-50% offer,2017,11,0,0,0.6,3.0,Hotel,1,4.3,171.0,False
Austria,Vienna,City centre,Donauturm,Landstrasse,79,Vienna,4.0,3.5,77.0,_ACCOM_TYPE@Hotel,1,22140,0,0% no offer,2017,11,0,0,1.3,3.3,Hotel,1,3.7,79.0,False
Austria,Vienna,City centre,Donauturm,Landstrasse,132,Vienna,4.0,4.0,1403.0,_ACCOM_TYPE@Hotel,0,22142,1,15-50% offer,2017,11,0,0,1.0,3.2,Hotel,1,4.1,281.0,False
Austria,Vienna,City centre,Donauturm,Leopoldstadt,128,Vienna,4.0,4.0,1437.0,_ACCOM_TYPE@Hotel,0,22144,1,15-50% offer,2017,11,0,0,0.6,2.3,Hotel,1,4.1,267.0,False
Austria,Vienna,City centre,Donauturm,Leopoldstadt,99,Vienna,3.0,4.5,491.0,_ACCOM_TYPE@Hotel,0,22145,0,0% no offer,2017,11,0,0,1.5,1.6,Hotel,1,4.5,183.0,False
Austria,Vienna,City centre,Donauturm,Leopoldstadt,86,Vienna,4.0,3.5,326.0,_ACCOM_TYPE@Hotel,0,22149,1,50%-75% offer,2017,11,0,0,1.8,1.0,Hotel,1,4.0,136.0,False
Austria,Vienna,City centre,Donauturm,Leopoldstadt,63,Vienna,3.0,3.0,183.0,_ACCOM_TYPE@Hotel,1,22152,1,1-15% offer,2017,11,0,0,1.0,1.9,Hotel,1,3.4,242.0,False
Austria,Vienna,City centre,Donauturm,Leopoldstadt,134,Vienna,3.5,4.5,70.0,_ACCOM_TYPE@Hotel,1,22155,1,15-50% offer,2017,11,0,0,0.6,2.2,Hotel,1,4.0,16.0,False
Austria,Vienna,City centre,Donauturm,Leopoldstadt,79,Vienna,3.0,4.0,290.0,_ACCOM_TYPE@Hotel,0,22157,1,15-50% offer,2017,11,0,0,0.9,1.9,Hotel,1,3.7,122.0,False
Austria,Vienna,City centre,Donauturm,Leopoldstadt,138,Vienna,4.0,4.0,1023.0,_ACCOM_TYPE@Hotel,0,22158,0,0% no offer,2017,11,0,0,0.5,2.3,Hotel,1,4.0,250.0,False
Austria,Vienna,City centre,Donauturm,Leopoldstadt,113,Vienna,4.0,4.5,1516.0,_ACCOM_TYPE@Hotel,1,22159,1,15-50% offer,2017,11,0,0,1.0,1.8,Hotel,1,4.5,603.0,False
Austria,Vienna,City centre,Donauturm,Leopoldstadt,56,Vienna,2.0,4.0,1666.0,_ACCOM_TYPE@Hotel,0,22161,1,1-15% offer,2017,11,0,0,1.5,1.4,Hotel,1,3.5,52.0,False
Austria,Vienna,City centre,Donauturm,Leopoldstadt,84,Vienna,3.0,4.0,1249.0,_ACCOM_TYPE@Hotel,0,22162,1,15-50% offer,2017,11,0,0,1.5,1.4,Hotel,1,3.9,152.0,False
Austria,Vienna,City centre,Donauturm,Leopoldstadt,72,Vienna,2.0,4.5,302.0,_ACCOM_TYPE@Hotel,0,22163,1,15-50% offer,2017,11,0,0,1.1,2.0,Hotel,1,4.0,293.0,False
Austria,Vienna,City centre,Donauturm,Leopoldstadt,587,Vienna,5.0,5.0,7.0,_ACCOM_TYPE@Hotel,1,22164,1,15-50% offer,2017,11,0,0,0.7,2.2,Hotel,1,1.0,1.0,False
Austria,Vienna,City centre,Donauturm,Leopoldstadt,68,Vienna,3.0,4.0,129.0,_ACCOM_TYPE@Hotel,1,22165,1,15-50% offer,2017,11,0,0,0.9,2.1,Hotel,1,4.0,84.0,False
Austria,Vienna,City centre,Donauturm,Leopoldstadt,102,Vienna,3.5,4.0,281.0,_ACCOM_TYPE@Hotel,0,22166,1,50%-75% offer,2017,11,0,0,1.5,1.4,Hotel,1,3.9,208.0,False
Austria,Vienna,City centre,Donauturm,Leopoldstadt,81,Vienna,1.0,3.5,141.0,_ACCOM_TYPE@Hotel,0,22168,0,0% no offer,2017,11,0,0,0.9,1.9,Hotel,1,3.7,57.0,False
Austria,Vienna,City centre,Donauturm,Leopoldstadt,82,Vienna,3.0,4.0,727.0,_ACCOM_TYPE@Hotel,0,22169,1,15-50% offer,2017,11,0,0,1.6,1.7,Hotel,1,4.1,267.0,False
Austria,Vienna,City centre,Donauturm,Leopoldstadt,66,Vienna,3.0,4.0,407.0,_ACCOM_TYPE@Hotel,1,22170,1,15-50% offer,2017,11,0,0,1.1,1.7,Hotel,1,4.0,275.0,False
Austria,Vienna,City centre,Donauturm,Leopoldstadt,240,Vienna,5.0,4.5,2098.0,_ACCOM_TYPE@Hotel,0,22175,1,15-50% offer,2017,11,0,0,0.4,2.4,Hotel,1,4.5,240.0,False
Austria,Vienna,City centre,Donauturm,Leopoldstadt,113,Vienna,3.0,4.5,1686.0,_ACCOM_TYPE@Hotel,0,22176,1,15-50% offer,2017,11,0,0,0.8,2.1,Hotel,1,4.5,374.0,False
Austria,Vienna,City centre,Donauturm,Leopoldstadt,106,Vienna,3.0,4.5,1449.0,_ACCOM_TYPE@Hotel,1,22177,1,15-50% offer,2017,11,0,0,1.0,1.9,Hotel,1,4.5,468.0,False
Austria,Vienna,City centre,Donauturm,Leopoldstadt,89,Vienna,3.0,4.0,1580.0,_ACCOM_TYPE@Hotel,0,22179,1,15-50% offer,2017,11,0,0,1.6,1.2,Hotel,1,4.1,422.0,False
Austria,Vienna,City centre,Donauturm,Leopoldstadt,61,Vienna,2.0,4.0,1027.0,_ACCOM_TYPE@Hotel,0,22180,1,50%-75% offer,2017,11,0,0,0.9,2.2,Hotel,1,4.0,307.0,False
Austria,Vienna,City centre,Donauturm,Leopoldstadt,106,Vienna,4.0,4.0,739.0,_ACCOM_TYPE@Hotel,1,22182,1,15-50% offer,2017,11,0,0,0.8,2.0,Hotel,1,4.1,527.0,False
Austria,Vienna,City centre,Donauturm,Leopoldstadt,100,Vienna,4.0,4.0,584.0,_ACCOM_TYPE@Hotel,1,22183,1,15-50% offer,2017,11,0,0,0.8,2.0,Hotel,1,4.0,637.0,False
Austria,Vienna,City centre,Donauturm,Leopoldstadt,75,Vienna,3.0,4.0,827.0,_ACCOM_TYPE@Hotel,0,22184,1,15-50% offer,2017,11,0,0,0.7,2.2,Hotel,1,4.1,461.0,False
Austria,Vienna,City centre,Donauturm,Leopoldstadt,84,Vienna,3.0,4.0,92.0,_ACCOM_TYPE@Hotel,1,22185,0,0% no offer,2017,11,0,0,0.8,2.2,Hotel,1,2.2,3.0,False
Austria,Vienna,City centre,Donauturm,Leopoldstadt,151,Vienna,4.0,4.5,1272.0,_ACCOM_TYPE@Hotel,0,22187,0,0% no offer,2017,11,0,0,0.5,2.3,Hotel,1,4.6,104.0,False
Austria,Vienna,City centre,Donauturm,Leopoldstadt,87,Vienna,3.0,3.5,314.0,_ACCOM_TYPE@Hotel,0,22188,0,0% no offer,2017,11,0,0,0.9,1.9,Hotel,1,3.5,90.0,False
Austria,Vienna,City centre,Donauturm,Leopoldstadt,117,Vienna,4.0,4.5,836.0,_ACCOM_TYPE@Hotel,1,22189,0,0% no offer,2017,11,0,0,0.5,2.3,Hotel,1,4.4,75.0,False
Austria,Vienna,City centre,Donauturm,Leopoldstadt,120,Vienna,4.0,4.0,807.0,_ACCOM_TYPE@Hotel,0,22190,1,50%-75% offer,2017,11,0,0,1.9,1.9,Hotel,1,4.5,139.0,False
Austria,Vienna,City centre,Donauturm,Leopoldstadt,68,Vienna,2.5,4.0,85.0,_ACCOM_TYPE@Hotel,0,22192,0,0% no offer,2017,11,0,0,0.9,1.9,Hotel,1,3.9,41.0,False
Austria,Vienna,City centre,Donauturm,Margareten,383,Vienna,3.0,4.0,382.0,_ACCOM_TYPE@Hotel,1,22193,0,0% no offer,2017,11,0,0,1.9,4.7,Hotel,1,4.0,122.0,False
Austria,Vienna,City centre,Donauturm,Margareten,111,Vienna,4.5,4.5,659.0,_ACCOM_TYPE@Hotel,0,22196,1,15-50% offer,2017,11,0,0,2.0,4.8,Hotel,1,4.5,137.0,False
Austria,Vienna,City centre,Donauturm,Margareten,174,Vienna,4.0,4.5,1650.0,_ACCOM_TYPE@Hotel,0,22198,0,0% no offer,2017,11,0,0,1.5,4.3,Hotel,1,4.3,144.0,False
Austria,Vienna,City centre,Donauturm,Margareten,63,Vienna,3.0,3.5,335.0,_ACCOM_TYPE@Hotel,0,22199,1,15-50% offer,2017,11,0,0,2.0,4.7,Hotel,1,3.5,80.0,False
Austria,Vienna,City centre,Donauturm,Margareten,100,Vienna,3.5,4.5,15.0,_ACCOM_TYPE@Hotel,0,22201,0,0% no offer,2017,11,0,0,1.5,4.3,Hotel,1,4.5,58.0,False
Austria,Vienna,City centre,Donauturm,Margareten,86,Vienna,4.0,3.5,1708.0,_ACCOM_TYPE@Hotel,0,22203,1,1-15% offer,2017,11,0,0,1.4,4.2,Hotel,1,3.9,303.0,False
Austria,Vienna,City centre,Donauturm,Margareten,67,Vienna,3.0,4.0,909.0,_ACCOM_TYPE@Hotel,0,22205,1,15-50% offer,2017,11,0,0,1.8,4.5,Hotel,1,4.0,82.0,False
Austria,Vienna,City centre,Donauturm,Margareten,129,Vienna,4.0,4.0,372.0,_ACCOM_TYPE@Hotel,0,22206,1,1-15% offer,2017,11,0,0,1.3,4.1,Hotel,1,4.1,248.0,False
Austria,Vienna,City centre,Donauturm,Mariahilf,86,Vienna,3.0,4.0,383.0,_ACCOM_TYPE@Hotel,1,22212,0,0% no offer,2017,11,0,0,1.3,4.1,Hotel,1,4.0,85.0,False
Austria,Vienna,City centre,Donauturm,Mariahilf,131,Vienna,4.0,4.0,682.0,_ACCOM_TYPE@Hotel,0,22214,1,1-15% offer,2017,11,0,0,0.7,3.4,Hotel,1,4.1,258.0,False
Austria,Vienna,City centre,Donauturm,Mariahilf,85,Vienna,2.0,4.0,618.0,_ACCOM_TYPE@Hotel,0,22217,1,15-50% offer,2017,11,0,0,1.0,3.8,Hotel,1,4.0,95.0,False
Austria,Vienna,City centre,Donauturm,Mariahilf,80,Vienna,3.0,3.5,170.0,_ACCOM_TYPE@Hotel,0,22218,0,0% no offer,2017,11,0,0,1.4,4.2,Hotel,1,3.9,44.0,False
Austria,Vienna,City centre,Donauturm,Mariahilf,93,Vienna,4.0,4.0,410.0,_ACCOM_TYPE@Hotel,1,22219,1,15-50% offer,2017,11,0,0,1.1,3.9,Hotel,1,4.0,125.0,False
Austria,Vienna,City centre,Donauturm,Mariahilf,77,Vienna,3.0,4.0,2102.0,_ACCOM_TYPE@Hotel,0,22222,1,1-15% offer,2017,11,0,0,1.9,4.6,Hotel,1,4.0,161.0,False
Austria,Vienna,City centre,Donauturm,Mariahilf,140,Vienna,4.0,5.0,1495.0,_ACCOM_TYPE@Hotel,1,22223,1,15-50% offer,2017,11,0,0,0.8,3.6,Hotel,1,4.8,210.0,False
Austria,Vienna,City centre,Donauturm,Mariahilf,99,Vienna,4.0,4.0,1228.0,_ACCOM_TYPE@Hotel,1,22224,1,15-50% offer,2017,11,0,0,1.0,3.8,Hotel,1,4.0,264.0,False
Austria,Vienna,City centre,Donauturm,Mariahilf,105,Vienna,4.0,4.5,716.0,_ACCOM_TYPE@Hotel,0,22226,1,15-50% offer,2017,11,0,0,1.4,4.1,Hotel,1,4.4,162.0,False
Austria,Vienna,City centre,Donauturm,Mariahilf,100,Vienna,3.5,4.5,1414.0,_ACCOM_TYPE@Hotel,0,22227,1,15-50% offer,2017,11,0,0,1.7,4.4,Hotel,1,4.5,581.0,False
Austria,Vienna,City centre,Donauturm,Mariahilf,82,Vienna,3.0,3.5,78.0,_ACCOM_TYPE@Hotel,0,22229,1,15-50% offer,2017,11,0,0,1.1,3.9,Hotel,1,3.9,39.0,False
Austria,Vienna,City centre,Donauturm,Mariahilf,82,Vienna,4.0,4.0,1150.0,_ACCOM_TYPE@Hotel,0,22230,0,0% no offer,2017,11,0,0,1.8,4.5,Hotel,1,3.9,484.0,False
Austria,Vienna,City centre,Donauturm,Mariahilf,87,Vienna,4.0,4.0,290.0,_ACCOM_TYPE@Hotel,0,22235,1,15-50% offer,2017,11,0,0,1.9,4.7,Hotel,1,3.5,45.0,False
Austria,Vienna,City centre,Donauturm,Mariahilf,100,Vienna,4.0,3.5,372.0,_ACCOM_TYPE@Hotel,0,22236,1,15-50% offer,2017,11,0,0,1.6,4.3,Hotel,1,3.7,98.0,False
Austria,Vienna,City centre,Donauturm,Mariahilf,84,Vienna,4.0,4.0,561.0,_ACCOM_TYPE@Hotel,0,22237,1,15-50% offer,2017,11,0,0,1.6,4.3,Hotel,1,4.3,239.0,False
Austria,Vienna,City centre,Donauturm,Mariahilf,52,Vienna,2.0,4.0,112.0,_ACCOM_TYPE@Hotel,1,22238,1,15-50% offer,2017,11,0,0,0.9,3.7,Hotel,1,3.7,170.0,False
Austria,Vienna,City centre,Donauturm,Neubau,98,Vienna,4.0,4.0,650.0,_ACCOM_TYPE@Hotel,1,22239,1,15-50% offer,2017,11,0,0,0.8,3.5,Hotel,1,3.7,100.0,False
Austria,Vienna,City centre,Donauturm,Neubau,333,Vienna,5.0,5.0,1523.0,_ACCOM_TYPE@Hotel,0,22240,1,1-15% offer,2017,11,0,0,0.7,3.4,Hotel,1,4.9,310.0,False
Austria,Vienna,City centre,Donauturm,Neubau,99,Vienna,3.0,4.0,1171.0,_ACCOM_TYPE@Hotel,0,22241,0,0% no offer,2017,11,0,0,1.8,4.4,Hotel,1,4.1,305.0,False
Austria,Vienna,City centre,Donauturm,Neubau,76,Vienna,3.0,3.5,265.0,_ACCOM_TYPE@Hotel,0,22246,1,1-15% offer,2017,11,0,0,1.6,4.2,Hotel,1,3.5,141.0,False
Austria,Vienna,City centre,Donauturm,Neubau,110,Vienna,4.0,4.5,2436.0,_ACCOM_TYPE@Hotel,0,22249,1,15-50% offer,2017,11,0,0,0.9,3.6,Hotel,1,4.4,328.0,False
Austria,Vienna,City centre,Donauturm,Neubau,184,Vienna,4.0,4.5,2431.0,_ACCOM_TYPE@Hotel,0,22250,1,50%-75% offer,2017,11,0,0,1.0,3.7,Hotel,1,4.6,123.0,False
Austria,Vienna,City centre,Donauturm,Neubau,33,Vienna,2.0,3.5,308.0,_ACCOM_TYPE@Hotel,0,22251,1,50%-75% offer,2017,11,0,0,1.7,4.2,Hotel,1,3.2,181.0,False
Austria,Vienna,City centre,Donauturm,Neubau,1012,Vienna,3.0,4.0,364.0,_ACCOM_TYPE@Hotel,1,22252,1,1-15% offer,2017,11,0,0,1.0,3.8,Hotel,1,4.3,77.0,False
Austria,Vienna,City centre,Donauturm,Neubau,99,Vienna,4.0,4.0,612.0,_ACCOM_TYPE@Hotel,0,22253,1,15-50% offer,2017,11,0,0,1.7,4.4,Hotel,1,4.1,308.0,False
Austria,Vienna,City centre,Donauturm,Neubau,122,Vienna,3.0,4.0,143.0,_ACCOM_TYPE@Hotel,1,22254,1,1-15% offer,2017,11,0,0,0.8,3.5,Hotel,1,3.9,54.0,False
Austria,Vienna,City centre,Donauturm,Neubau,122,Vienna,4.0,4.0,978.0,_ACCOM_TYPE@Hotel,0,22255,1,1-15% offer,2017,11,0,0,1.7,4.3,Hotel,1,4.3,544.0,False
Austria,Vienna,City centre,Donauturm,Neubau,105,Vienna,4.0,4.0,816.0,_ACCOM_TYPE@Hotel,0,22256,0,0% no offer,2017,11,0,0,1.7,4.3,Hotel,1,4.0,359.0,False
Austria,Vienna,City centre,Donauturm,Neubau,109,Vienna,4.0,4.0,582.0,_ACCOM_TYPE@Hotel,0,22259,1,15-50% offer,2017,11,0,0,1.4,4.0,Hotel,1,4.0,98.0,False
Austria,Vienna,City centre,Donauturm,Neubau,105,Vienna,3.0,4.5,412.0,_ACCOM_TYPE@Hotel,1,22260,1,15-50% offer,2017,11,0,0,1.2,3.9,Hotel,1,4.1,54.0,False
Austria,Vienna,City centre,Donauturm,Ottakring,52,Vienna,3.0,3.5,193.0,_ACCOM_TYPE@Hotel,0,22268,1,15-50% offer,2017,11,0,0,3.1,5.2,Hotel,1,3.5,69.0,False
Austria,Vienna,City centre,Donauturm,Ottakring,80,Vienna,4.0,4.0,265.0,_ACCOM_TYPE@Hotel,0,22271,1,15-50% offer,2017,11,0,0,4.1,6.0,Hotel,1,4.0,83.0,False
Austria,Vienna,City centre,Donauturm,Rudolfsheim-Funfhaus,91,Vienna,2.0,4.0,42.0,_ACCOM_TYPE@Hotel,1,22272,0,0% no offer,2017,11,0,0,2.9,5.3,Hotel,1,4.0,36.0,False
Austria,Vienna,City centre,Donauturm,Rudolfsheim-Funfhaus,70,Vienna,4.0,3.5,1020.0,_ACCOM_TYPE@Hotel,0,22275,1,15-50% offer,2017,11,0,0,1.8,4.4,Hotel,1,3.9,136.0,False
Austria,Vienna,City centre,Donauturm,Rudolfsheim-Funfhaus,136,Vienna,3.0,4.5,1452.0,_ACCOM_TYPE@Hotel,0,22277,1,15-50% offer,2017,11,0,0,1.9,4.5,Hotel,1,4.5,156.0,False
Austria,Vienna,City centre,Donauturm,Rudolfsheim-Funfhaus,80,Vienna,3.0,4.0,464.0,_ACCOM_TYPE@Hotel,1,22279,1,15-50% offer,2017,11,0,0,2.1,4.8,Hotel,1,4.1,81.0,False
Austria,Vienna,City centre,Donauturm,Rudolfsheim-Funfhaus,81,Vienna,3.0,4.5,635.0,_ACCOM_TYPE@Hotel,1,22281,1,1-15% offer,2017,11,0,0,2.4,4.9,Hotel,1,4.1,54.0,False
Austria,Vienna,City centre,Donauturm,Rudolfsheim-Funfhaus,66,Vienna,4.0,3.5,388.0,_ACCOM_TYPE@Hotel,1,22285,1,1-15% offer,2017,11,0,0,3.6,6.1,Hotel,1,3.7,225.0,False
Austria,Vienna,City centre,Donauturm,Rudolfsheim-Funfhaus,77,Vienna,3.0,4.0,241.0,_ACCOM_TYPE@Hotel,0,22286,1,1-15% offer,2017,11,0,0,2.8,5.5,Hotel,1,4.0,144.0,False
Austria,Vienna,City centre,Donauturm,Rudolfsheim-Funfhaus,69,Vienna,4.0,3.5,399.0,_ACCOM_TYPE@Hotel,0,22288,1,1-15% offer,2017,11,0,0,2.1,4.8,Hotel,1,3.7,525.0,False
Austria,Vienna,City centre,Donauturm,Rudolfsheim-Funfhaus,83,Vienna,3.0,4.0,260.0,_ACCOM_TYPE@Hotel,0,22289,1,15-50% offer,2017,11,0,0,2.1,4.8,Hotel,1,4.1,113.0,False
Austria,Vienna,City centre,Donauturm,Rudolfsheim-Funfhaus,77,Vienna,4.0,3.0,212.0,_ACCOM_TYPE@Hotel,0,22293,1,15-50% offer,2017,11,0,0,1.8,4.5,Hotel,1,3.9,78.0,False
Austria,Vienna,City centre,Donauturm,Rudolfsheim-Funfhaus,142,Vienna,4.5,4.0,831.0,_ACCOM_TYPE@Hotel,0,22295,1,50%-75% offer,2017,11,0,0,2.9,5.5,Hotel,1,4.3,314.0,False
Austria,Vienna,City centre,Donauturm,Rudolfsheim-Funfhaus,121,Vienna,4.0,4.0,7.0,_ACCOM_TYPE@Hotel,0,22296,1,1-15% offer,2017,11,0,0,1.7,4.3,Hotel,1,3.9,134.0,False
Austria,Vienna,City centre,Donauturm,Schonbrunn,68,Vienna,3.0,4.0,116.0,_ACCOM_TYPE@Hotel,1,22299,1,15-50% offer,2017,11,0,0,3.6,6.2,Hotel,1,3.5,38.0,False
Austria,Vienna,City centre,Donauturm,Schonbrunn,63,Vienna,3.0,3.5,199.0,_ACCOM_TYPE@Hotel,0,22300,0,0% no offer,2017,11,0,0,2.0,4.8,Hotel,1,3.7,65.0,False
Austria,Vienna,City centre,Donauturm,Schonbrunn,101,Vienna,3.0,4.5,187.0,_ACCOM_TYPE@Hotel,0,22301,0,0% no offer,2017,11,0,0,2.1,4.9,Hotel,1,4.5,92.0,False
Austria,Vienna,City centre,Donauturm,Schonbrunn,75,Vienna,4.0,3.5,309.0,_ACCOM_TYPE@Hotel,0,22302,1,15-50% offer,2017,11,0,0,2.6,5.4,Hotel,1,3.7,100.0,False
Austria,Vienna,City centre,Donauturm,Schonbrunn,156,Vienna,4.0,4.0,1122.0,_ACCOM_TYPE@Hotel,0,22303,0,0% no offer,2017,11,0,0,3.6,6.2,Hotel,1,4.3,910.0,False
Austria,Vienna,City centre,Donauturm,Schonbrunn,56,Vienna,3.0,4.0,177.0,_ACCOM_TYPE@Hotel,0,22304,1,15-50% offer,2017,11,0,0,3.7,6.3,Hotel,1,3.5,79.0,False
Austria,Vienna,City centre,Donauturm,Schonbrunn,82,Vienna,3.5,4.5,1245.0,_ACCOM_TYPE@Hotel,0,22306,1,15-50% offer,2017,11,0,0,2.4,5.2,Hotel,1,4.5,1541.0,False
Austria,Vienna,City centre,Donauturm,Schonbrunn,82,Vienna,4.0,4.0,1148.0,_ACCOM_TYPE@Hotel,0,22307,1,15-50% offer,2017,11,0,0,2.6,5.4,Hotel,1,4.4,183.0,False
Austria,Vienna,City centre,Donauturm,Schonbrunn,106,Vienna,3.0,3.0,69.0,_ACCOM_TYPE@Hotel,1,22309,0,0% no offer,2017,11,0,0,4.1,6.8,Hotel,1,3.7,30.0,False
Austria,Vienna,City centre,Donauturm,Schonbrunn,85,Vienna,3.0,3.0,114.0,_ACCOM_TYPE@Hotel,1,22310,1,1-15% offer,2017,11,0,0,3.1,5.9,Hotel,1,2.7,24.0,False
Austria,Vienna,City centre,Donauturm,Schonbrunn,92,Vienna,4.0,4.0,753.0,_ACCOM_TYPE@Hotel,0,22312,1,1-15% offer,2017,11,0,0,2.9,5.6,Hotel,1,4.1,140.0,False
Austria,Schwechat,City centre,Donauturm,Schwechat,92,Vienna,3.0,4.0,196.0,_ACCOM_TYPE@Hotel,0,22317,0,0% no offer,2017,11,0,0,11.0,11.0,Hotel,1,4.3,333.0,False
Austria,Schwechat,City centre,Donauturm,Schwechat,166,Vienna,4.0,4.0,2400.0,_ACCOM_TYPE@Hotel,0,22318,1,1-15% offer,2017,11,0,0,11.0,11.0,Hotel,1,4.0,923.0,False
Austria,Schwechat,City centre,Donauturm,Schwechat,137,Vienna,4.0,3.5,191.0,_ACCOM_TYPE@Hotel,1,22319,0,0% no offer,2017,11,0,0,7.7,7.9,Hotel,1,3.7,122.0,False
Austria,Schwechat,City centre,Donauturm,Schwechat,99,Vienna,3.0,3.5,191.0,_ACCOM_TYPE@Hotel,0,22320,0,0% no offer,2017,11,0,0,7.7,7.9,Hotel,1,3.7,26.0,False
Austria,Schwechat,City centre,Donauturm,Schwechat,140,Vienna,4.0,4.0,127.0,_ACCOM_TYPE@Hotel,1,22321,0,0% no offer,2017,11,0,0,7.8,8.0,Hotel,1,3.5,73.0,False
Austria,Schwechat,City centre,Donauturm,Schwechat,80,Vienna,3.0,3.5,247.0,_ACCOM_TYPE@Hotel,0,22322,0,0% no offer,2017,11,0,0,6.3,6.9,Hotel,1,3.2,161.0,False
Austria,Schwechat,City centre,Donauturm,Schwechat,91,Vienna,3.0,3.5,161.0,_ACCOM_TYPE@Hotel,0,22323,0,0% no offer,2017,11,0,0,6.7,8.2,Hotel,1,3.5,39.0,False
Austria,Vienna,City centre,Donauturm,Vienna,117,Vienna,4.0,4.0,192.0,_ACCOM_TYPE@Hotel,0,22328,0,0% no offer,2017,11,0,0,2.0,3.4,Hotel,1,4.0,124.0,False
Austria,Vienna,City centre,Donauturm,Vienna,66,Vienna,3.0,3.5,129.0,_ACCOM_TYPE@Hotel,0,22331,0,0% no offer,2017,11,0,0,3.9,6.4,Hotel,1,3.7,33.0,False
Austria,Vienna,City centre,Donauturm,Vienna,58,Vienna,2.0,3.5,1051.0,_ACCOM_TYPE@Hotel,0,22333,0,0% no offer,2017,11,0,0,2.4,3.7,Hotel,1,3.5,57.0,False
Austria,Vienna,City centre,Donauturm,Vienna,81,Vienna,3.5,3.0,12.0,_ACCOM_TYPE@Hotel,1,22334,1,1-15% offer,2017,11,0,0,3.7,6.4,Hotel,1,4.1,21.0,False
Austria,Vienna,City centre,Donauturm,Vienna,109,Vienna,4.0,3.5,386.0,_ACCOM_TYPE@Hotel,0,22335,1,1-15% offer,2017,11,0,0,3.5,6.2,Hotel,1,4.0,160.0,False
Austria,Vienna,City centre,Donauturm,Vienna,114,Vienna,4.5,4.5,2454.0,_ACCOM_TYPE@Hotel,0,22336,1,50%-75% offer,2017,11,0,0,2.3,1.9,Hotel,1,4.3,985.0,False
Austria,Vienna,City centre,Donauturm,Vienna,97,Vienna,4.0,4.0,277.0,_ACCOM_TYPE@Hotel,0,22340,1,15-50% offer,2017,11,0,0,3.1,5.9,Hotel,1,4.0,72.0,False
Austria,Vienna,City centre,Donauturm,Vienna,74,Vienna,4.0,4.0,73.0,_ACCOM_TYPE@Hotel,1,22341,1,15-50% offer,2017,11,0,0,4.8,7.3,Hotel,1,3.9,65.0,False
Austria,Vienna,City centre,Donauturm,Vienna,69,Vienna,4.0,3.5,320.0,_ACCOM_TYPE@Hotel,0,22342,1,15-50% offer,2017,11,0,0,3.7,6.4,Hotel,1,3.7,147.0,False
Austria,Vienna,City centre,Donauturm,Vienna,83,Vienna,4.0,3.5,121.0,_ACCOM_TYPE@Hotel,0,22343,1,15-50% offer,2017,11,0,0,3.9,6.6,Hotel,1,4.0,45.0,False
Austria,Vienna,City centre,Donauturm,Vienna,50,Vienna,3.0,4.0,12.0,_ACCOM_TYPE@Hotel,0,22344,1,15-50% offer,2017,11,0,0,3.9,6.6,Hotel,1,3.9,50.0,False
Austria,Vienna,City centre,Donauturm,Vienna,77,Vienna,3.0,3.5,21.0,_ACCOM_TYPE@Hotel,1,22348,0,0% no offer,2017,11,0,0,3.7,5.0,Hotel,1,4.0,26.0,False
Austria,Vienna,City centre,Donauturm,Vienna,102,Vienna,3.0,4.5,204.0,_ACCOM_TYPE@Hotel,0,22349,0,0% no offer,2017,11,0,0,5.3,7.6,Hotel,1,4.0,28.0,False
Austria,Vienna,City centre,Donauturm,Vienna,130,Vienna,3.0,4.0,20.0,_ACCOM_TYPE@Hotel,1,22353,0,0% no offer,2017,11,0,0,6.6,9.4,Hotel,1,4.4,12.0,False
Austria,Vienna,City centre,Donauturm,Vienna,78,Vienna,3.0,4.0,811.0,_ACCOM_TYPE@Hotel,0,22354,0,0% no offer,2017,11,0,0,3.2,4.5,Hotel,1,4.3,171.0,False
Austria,Vienna,City centre,Donauturm,Vienna,76,Vienna,3.0,4.0,61.0,_ACCOM_TYPE@Hotel,1,22355,1,1-15% offer,2017,11,0,0,3.3,4.6,Hotel,1,3.7,34.0,False
Austria,Vienna,City centre,Donauturm,Vienna,68,Vienna,4.0,3.5,87.0,_ACCOM_TYPE@Hotel,1,22356,1,1-15% offer,2017,11,0,0,4.5,5.2,Hotel,1,4.0,69.0,False
Austria,Vienna,City centre,Donauturm,Vienna,116,Vienna,4.0,4.0,493.0,_ACCOM_TYPE@Hotel,0,22358,1,15-50% offer,2017,11,0,0,2.7,3.7,Hotel,1,4.0,84.0,False
Austria,Vienna,City centre,Donauturm,Vienna,172,Vienna,4.0,4.0,401.0,_ACCOM_TYPE@Hotel,1,22359,1,1-15% offer,2017,11,0,0,2.2,3.8,Hotel,1,4.1,212.0,False
Austria,Vienna,City centre,Donauturm,Vienna,87,Vienna,3.0,4.0,30.0,_ACCOM_TYPE@Hotel,1,22362,0,0% no offer,2017,11,0,0,2.4,3.9,Hotel,1,4.0,12.0,False
Austria,Vienna,City centre,Donauturm,Vienna,90,Vienna,3.0,3.0,78.0,_ACCOM_TYPE@Hotel,1,22363,1,1-15% offer,2017,11,0,0,4.6,7.4,Hotel,1,3.0,89.0,False
Austria,Vienna,City centre,Donauturm,Vienna,100,Vienna,3.5,4.0,282.0,_ACCOM_TYPE@Hotel,1,22364,1,15-50% offer,2017,11,0,0,2.7,4.2,Hotel,1,4.4,74.0,False
Austria,Voesendorf,City centre,Donauturm,Voesendorf,89,Vienna,4.0,3.0,73.0,_ACCOM_TYPE@Hotel,0,22377,0,0% no offer,2017,11,0,0,7.0,9.7,Hotel,1,3.5,38.0,False
Austria,Voesendorf,City centre,Donauturm,Voesendorf,92,Vienna,4.0,3.5,545.0,_ACCOM_TYPE@Hotel,0,22378,0,0% no offer,2017,11,0,0,7.1,9.9,Hotel,1,3.7,115.0,False
Austria,Vienna,City centre,Donauturm,Wahring,84,Vienna,3.0,4.5,982.0,_ACCOM_TYPE@Hotel,0,22380,1,15-50% offer,2017,11,0,0,1.9,2.7,Hotel,1,4.4,186.0,False
Austria,Vienna,City centre,Donauturm,Wahring,185,Vienna,4.0,4.0,142.0,_ACCOM_TYPE@Hotel,1,22382,0,0% no offer,2017,11,0,0,2.1,3.0,Hotel,1,4.4,45.0,False
Austria,Vienna,City centre,Donauturm,Wahring,85,Vienna,4.0,3.5,553.0,_ACCOM_TYPE@Hotel,0,22384,1,1-15% offer,2017,11,0,0,3.0,3.2,Hotel,1,4.0,168.0,False
Austria,Vienna,City centre,Donauturm,Wieden,110,Vienna,3.5,4.5,116.0,_ACCOM_TYPE@Hotel,0,22386,0,0% no offer,2017,11,0,0,1.6,4.0,Hotel,1,4.5,77.0,False
Austria,Vienna,City centre,Donauturm,Wieden,86,Vienna,3.0,4.0,89.0,_ACCOM_TYPE@Hotel,0,22387,0,0% no offer,2017,11,0,0,1.6,4.0,Hotel,1,4.3,72.0,False
Austria,Vienna,City centre,Donauturm,Wieden,118,Vienna,4.0,4.0,436.0,_ACCOM_TYPE@Hotel,0,22388,0,0% no offer,2017,11,0,0,1.0,3.6,Hotel,1,4.1,158.0,False
Austria,Vienna,City centre,Donauturm,Wieden,92,Vienna,3.0,4.0,688.0,_ACCOM_TYPE@Hotel,0,22390,1,15-50% offer,2017,11,0,0,1.3,3.9,Hotel,1,4.3,291.0,False
Austria,Vienna,City centre,Donauturm,Wieden,197,Vienna,4.0,4.5,1840.0,_ACCOM_TYPE@Hotel,1,22391,1,15-50% offer,2017,11,0,0,0.8,3.5,Hotel,1,4.8,317.0,False
Austria,Vienna,City centre,Donauturm,Wieden,135,Vienna,4.0,4.0,1121.0,_ACCOM_TYPE@Hotel,0,22394,0,0% no offer,2017,11,0,0,1.2,3.9,Hotel,1,4.5,280.0,False
Austria,Vienna,City centre,Donauturm,Wieden,125,Vienna,4.0,4.5,229.0,_ACCOM_TYPE@Hotel,0,22395,1,15-50% offer,2017,11,0,0,1.2,3.7,Hotel,1,4.4,47.0,False
Austria,Vienna,City centre,Donauturm,Wieden,134,Vienna,4.0,4.5,615.0,_ACCOM_TYPE@Hotel,0,22397,1,1-15% offer,2017,11,0,0,0.8,3.5,Hotel,1,4.5,125.0,False
Austria,Vienna,City centre,Donauturm,Wieden,91,Vienna,3.0,3.5,383.0,_ACCOM_TYPE@Hotel,1,22398,1,15-50% offer,2017,11,0,0,0.9,3.7,Hotel,1,3.5,34.0,False
Austria,Vienna,City centre,Donauturm,Wieden,110,Vienna,3.0,4.0,263.0,_ACCOM_TYPE@Hotel,0,22399,0,0% no offer,2017,11,0,0,0.8,3.6,Hotel,1,3.9,112.0,False
Austria,Vienna,City centre,Donauturm,Wieden,100,Vienna,3.0,4.0,149.0,_ACCOM_TYPE@Hotel,1,22401,1,1-15% offer,2017,11,0,0,1.2,3.7,Hotel,1,4.0,77.0,False
Austria,Vienna,City centre,Donauturm,Wieden,95,Vienna,4.0,4.0,1003.0,_ACCOM_TYPE@Hotel,1,22402,1,1-15% offer,2017,11,0,0,1.5,3.9,Hotel,1,4.1,572.0,False
Austria,Vienna,City centre,Donauturm,Wieden,73,Vienna,3.0,3.0,293.0,_ACCOM_TYPE@Hotel,1,22403,1,1-15% offer,2017,11,0,0,1.5,4.0,Hotel,1,3.4,53.0,False
Austria,Vienna,City centre,Donauturm,Wieden,185,Vienna,5.0,4.0,740.0,_ACCOM_TYPE@Hotel,0,22406,1,15-50% offer,2017,11,0,0,0.8,3.6,Hotel,1,4.3,145.0,False
Austria,Vienna,City centre,Donauturm,Wieden,100,Vienna,4.0,4.5,1006.0,_ACCOM_TYPE@Hotel,1,22407,0,0% no offer,2017,11,0,0,1.0,3.7,Hotel,1,4.4,112.0,False
Austria,Vienna,City centre,Donauturm,Wieden,58,Vienna,3.0,3.0,135.0,_ACCOM_TYPE@Hotel,0,22408,1,15-50% offer,2017,11,0,0,1.4,4.1,Hotel,1,3.2,169.0,False
